caller,callee,timestamp,duration_sec,tower_id
9928327648,9395376724,2026-07-11 06:31:01,266,TWR-001
9118384251,9350305641,2026-07-11 21:32:55,197,TWR-014
9737631165,9532871012,2026-07-22 23:56:27,259,TWR-010
9269166978,9083863794,2026-07-01 02:43:48,412,TWR-009
9475255341,9740164005,2026-07-01 07:22:23,307,TWR-006
9737631165,9044369957,2026-07-14 07:04:38,247,TWR-007
9161559407,9960013389,2026-07-11 04:05:07,19,TWR-005
9128059826,9354278498,2026-07-04 08:34:48,392,TWR-005
9667010651,9951343320,2026-07-02 10:08:15,248,TWR-001
9737631165,9812191361,2026-07-11 03:08:39,176,TWR-002
9734714345,9872774348,2026-07-28 02:07:24,286,TWR-010
9685014294,9132677360,2026-07-23 14:30:51,176,TWR-004
9247510799,9287083172,2026-07-24 01:16:10,492,TWR-008
9676320163,9238849696,2026-07-16 06:06:35,185,TWR-015
9723430980,9104332181,2026-07-02 16:11:50,225,TWR-012
9676320163,9951343320,2026-07-04 22:01:24,72,TWR-003
9788957986,9025634216,2026-07-18 22:19:49,76,TWR-006
9737631165,9331509839,2026-06-28 21:53:49,269,TWR-014
9939909169,9073375433,2026-07-09 20:02:58,509,TWR-013
9788957986,9586923226,2026-07-02 00:15:07,141,TWR-004
9667010651,9244935348,2026-07-15 22:10:36,271,TWR-003
9951343320,9737631165,2026-07-16 05:32:54,259,TWR-005
9204505331,9278248963,2026-07-03 23:59:19,46,TWR-004
9350305641,9627048281,2026-07-23 00:47:45,544,TWR-005
9480184514,9026542351,2026-07-25 18:50:40,343,TWR-012
9667010651,9475255341,2026-07-28 09:24:28,493,TWR-008
9500978820,9301031051,2026-07-13 02:25:23,270,TWR-003
9773872148,9301031051,2026-06-29 12:43:03,138,TWR-013
9676320163,9260647468,2026-07-28 07:56:12,152,TWR-007
9773872148,9676320163,2026-07-13 15:50:53,434,TWR-014
9350305641,9835615951,2026-07-11 20:01:13,457,TWR-006
9788957986,9204505331,2026-07-28 07:26:21,12,TWR-001
9951343320,9676320163,2026-07-25 05:12:38,465,TWR-006
9788957986,9037917693,2026-07-13 11:02:53,194,TWR-004
9872774348,9788957986,2026-07-24 22:00:28,224,TWR-008
9019655698,9310341316,2026-07-25 04:40:28,85,TWR-011
9350305641,9500978820,2026-07-09 04:13:42,487,TWR-015
9044369957,9731781080,2026-07-17 16:51:12,386,TWR-001
9834657871,9395376724,2026-07-09 21:59:19,48,TWR-012
9489325288,9985435346,2026-07-25 02:00:11,382,TWR-011
9084124118,9104332181,2026-07-05 02:45:28,41,TWR-002
9161559407,9083863794,2026-07-03 17:38:52,137,TWR-003
9083863794,9667010651,2026-07-27 06:09:12,580,TWR-004
9242786801,9036541458,2026-07-12 19:59:14,280,TWR-007
9816184959,9104332181,2026-07-12 22:56:20,164,TWR-005
9260647468,9740164005,2026-07-08 20:48:12,371,TWR-014
9025634216,9128059826,2026-07-14 09:29:29,280,TWR-010
9960013389,9773872148,2026-07-08 06:10:22,138,TWR-008
9366299468,9928327648,2026-07-06 00:37:17,485,TWR-008
9586923226,9350305641,2026-07-22 15:01:50,14,TWR-005
9395376724,9026542351,2026-07-20 06:29:50,282,TWR-001
9685014294,9731781080,2026-07-04 11:04:16,195,TWR-007
9951343320,9104332181,2026-07-22 01:50:47,314,TWR-013
9484656482,9685014294,2026-06-29 08:34:16,14,TWR-002
9500978820,9238849696,2026-06-30 16:37:43,301,TWR-015
9166587603,9734714345,2026-07-09 04:47:05,95,TWR-001
9834738299,9939909169,2026-07-13 17:41:41,284,TWR-014
9740164005,9532871012,2026-07-08 02:10:29,265,TWR-013
9166587603,9581223623,2026-06-29 11:33:37,135,TWR-015
9788957986,9475255341,2026-07-18 23:26:42,148,TWR-011
9166587603,9731781080,2026-07-03 04:04:36,199,TWR-015
9104332181,9475255341,2026-07-28 01:42:59,125,TWR-012
9366299468,9073375433,2026-07-03 12:12:24,246,TWR-002
9310341316,9269166978,2026-07-12 12:21:59,567,TWR-006
9872774348,9166587603,2026-06-28 19:50:08,231,TWR-004
9083863794,9928327648,2026-07-13 17:20:14,344,TWR-014
9169340608,9104332181,2026-07-17 20:10:11,367,TWR-015
9484656482,9269166978,2026-07-13 22:47:32,335,TWR-014
9731781080,9685014294,2026-07-20 16:44:19,560,TWR-010
9731781080,9586923226,2026-07-21 06:54:58,314,TWR-004
9484656482,9039117182,2026-07-14 22:49:01,437,TWR-005
9132677360,9951343320,2026-07-21 22:28:18,352,TWR-014
9301031051,9039117182,2026-07-15 02:43:12,175,TWR-010
9118384251,9475255341,2026-07-26 22:31:16,565,TWR-015
9834657871,9667010651,2026-07-11 04:45:08,72,TWR-005
9395376724,9489325288,2026-07-01 08:52:18,498,TWR-013
9128059826,9685014294,2026-07-12 08:44:31,24,TWR-011
9039117182,9104332181,2026-07-09 19:42:25,247,TWR-006
9395376724,9834738299,2026-07-10 17:31:57,126,TWR-011
9737631165,9039117182,2026-07-15 01:59:10,324,TWR-011
9037917693,9740164005,2026-07-18 13:16:56,104,TWR-007
9928327648,9244935348,2026-07-20 08:41:14,268,TWR-001
9484656482,9104332181,2026-07-22 00:26:09,25,TWR-002
9788957986,9737631165,2026-06-30 00:28:55,158,TWR-006
9812191361,9475255341,2026-07-11 14:37:58,279,TWR-013
9238849696,9104332181,2026-07-16 04:48:46,98,TWR-006
9939909169,9740164005,2026-07-09 14:31:36,322,TWR-015
9685014294,9260647468,2026-07-11 18:10:43,100,TWR-014
9354278498,9960013389,2026-07-07 16:30:03,365,TWR-010
9287083172,9740164005,2026-07-12 19:25:45,449,TWR-015
9816184959,9731781080,2026-07-25 21:27:38,386,TWR-013
9247510799,9310341316,2026-07-04 03:07:49,185,TWR-005
9310341316,9960013389,2026-07-17 08:45:37,59,TWR-011
9480184514,9475255341,2026-07-07 03:39:44,328,TWR-002
9244935348,9104332181,2026-07-14 06:07:15,398,TWR-010
9812191361,9939909169,2026-07-03 21:42:14,486,TWR-012
9310341316,9532871012,2026-07-07 00:33:46,503,TWR-006
9627048281,9939909169,2026-07-12 15:43:16,45,TWR-009
9788957986,9581223623,2026-07-04 19:42:59,66,TWR-002
9204505331,9366299468,2026-07-02 23:24:53,26,TWR-013
9350305641,9128059826,2026-07-24 07:33:04,549,TWR-005
9025634216,9118384251,2026-07-09 23:09:48,513,TWR-008
9723430980,9395376724,2026-07-22 05:02:42,425,TWR-010
9244935348,9039117182,2026-07-14 21:05:08,153,TWR-014
9166587603,9669096705,2026-06-30 14:47:45,113,TWR-009
9301031051,9247510799,2026-07-14 09:07:14,589,TWR-011
9586923226,9667010651,2026-07-02 17:27:54,503,TWR-005
9301031051,9244935348,2026-07-04 03:26:47,457,TWR-010
9985435346,9083863794,2026-07-10 06:24:58,245,TWR-011
9627048281,9104332181,2026-07-28 09:48:27,96,TWR-015
9723430980,9366299468,2026-07-14 21:47:52,19,TWR-012
9354278498,9238849696,2026-07-05 18:11:03,137,TWR-007
9773872148,9586923226,2026-07-02 03:56:52,491,TWR-005
9044369957,9169340608,2026-07-04 22:33:15,516,TWR-003
9960013389,9244935348,2026-07-03 02:04:12,249,TWR-006
9928327648,9132677360,2026-07-20 23:29:38,193,TWR-004
9026542351,9331509839,2026-06-30 20:37:14,487,TWR-015
9037917693,9118384251,2026-07-24 09:14:39,175,TWR-005
9331509839,9104332181,2026-07-25 02:23:40,85,TWR-010
9350305641,9287083172,2026-07-19 02:41:36,57,TWR-013
9310341316,9395376724,2026-07-05 00:24:53,568,TWR-007
9310341316,9331509839,2026-07-19 17:42:58,144,TWR-003
9128059826,9037917693,2026-07-20 03:51:03,188,TWR-008
9026542351,9084124118,2026-06-28 22:49:02,115,TWR-011
9128059826,9278248963,2026-07-27 10:17:11,409,TWR-010
9395376724,9960013389,2026-07-02 09:39:20,87,TWR-001
9734714345,9872774348,2026-07-03 08:40:00,21,TWR-012
9500978820,9475255341,2026-07-25 21:00:31,555,TWR-003
9835615951,9484656482,2026-07-19 11:23:52,502,TWR-009
9489325288,9244935348,2026-07-22 21:55:25,128,TWR-015
9812191361,9480184514,2026-06-30 10:17:16,49,TWR-012
9331509839,9480184514,2026-07-18 19:10:39,177,TWR-002
9985435346,9395376724,2026-07-19 01:57:23,304,TWR-005
9669096705,9788957986,2026-07-05 06:01:41,43,TWR-003
9128059826,9301031051,2026-07-23 19:13:24,50,TWR-010
9484656482,9480184514,2026-07-21 08:46:42,359,TWR-003
9812191361,9019655698,2026-07-01 03:45:00,186,TWR-012
9723430980,9354278498,2026-07-12 06:01:36,357,TWR-003
9039117182,9816184959,2026-07-16 19:45:25,355,TWR-002
9019655698,9985435346,2026-07-03 17:42:03,544,TWR-001
9484656482,9104332181,2026-07-18 19:07:22,386,TWR-004
9740164005,9287083172,2026-07-26 11:40:18,203,TWR-013
9835615951,9026542351,2026-07-06 11:27:04,565,TWR-010
9039117182,9685014294,2026-06-29 08:53:25,592,TWR-011
9812191361,9667010651,2026-07-03 08:41:19,306,TWR-001
9354278498,9301031051,2026-07-04 02:12:01,18,TWR-003
9354278498,9128059826,2026-07-14 02:26:45,157,TWR-008
9812191361,9036541458,2026-07-20 10:39:52,382,TWR-008
9586923226,9960013389,2026-07-03 08:30:17,313,TWR-004
9489325288,9044369957,2026-07-25 04:38:57,166,TWR-013
9166587603,9872774348,2026-07-19 15:39:57,218,TWR-008
9928327648,9939909169,2026-07-03 15:15:15,34,TWR-001
9960013389,9816184959,2026-07-09 12:12:26,143,TWR-014
9310341316,9083863794,2026-07-11 15:51:30,402,TWR-011
9366299468,9169340608,2026-07-22 09:27:36,51,TWR-010
9676320163,9835615951,2026-07-16 16:32:42,238,TWR-004
9835615951,9247510799,2026-07-17 19:37:44,409,TWR-001
9676320163,9244935348,2026-07-27 10:00:35,138,TWR-001
9073375433,9667010651,2026-06-29 15:50:17,594,TWR-009
9025634216,9676320163,2026-07-15 11:37:20,87,TWR-006
9354278498,9104332181,2026-07-05 05:53:11,386,TWR-009
9244935348,9480184514,2026-07-22 05:12:52,141,TWR-008
9260647468,9985435346,2026-07-09 07:54:27,320,TWR-005
9484656482,9169340608,2026-07-01 06:33:37,62,TWR-013
9834738299,9104332181,2026-07-02 14:22:16,71,TWR-001
9260647468,9676320163,2026-07-27 01:29:52,427,TWR-007
9025634216,9723430980,2026-07-17 19:08:01,194,TWR-008
9301031051,9095701543,2026-07-22 17:23:42,135,TWR-001
9310341316,9366299468,2026-07-14 02:39:26,422,TWR-005
9169340608,9676320163,2026-07-02 18:45:39,538,TWR-005
9928327648,9278248963,2026-07-08 03:14:38,541,TWR-015
9834657871,9951343320,2026-07-04 10:10:07,421,TWR-013
9073375433,9475255341,2026-07-26 01:19:45,465,TWR-011
9132677360,9238849696,2026-07-10 10:50:03,372,TWR-010
9816184959,9084124118,2026-07-10 20:23:44,337,TWR-014
9269166978,9025634216,2026-07-17 06:52:13,438,TWR-012
9788957986,9166587603,2026-07-14 03:11:07,105,TWR-004
9039117182,9301031051,2026-07-19 00:55:19,527,TWR-008
9244935348,9395376724,2026-07-17 20:58:50,294,TWR-007
9532871012,9586923226,2026-07-21 15:02:49,397,TWR-004
9812191361,9104332181,2026-07-27 11:16:47,17,TWR-004
9260647468,9204505331,2026-07-14 23:16:06,33,TWR-008
9073375433,9834657871,2026-07-10 12:55:46,581,TWR-009
9238849696,9095701543,2026-07-20 09:29:30,157,TWR-001
9083863794,9039117182,2026-06-30 03:09:40,85,TWR-006
9238849696,9816184959,2026-07-06 09:07:33,270,TWR-014
9475255341,9667010651,2026-07-05 02:48:12,14,TWR-001
9037917693,9044369957,2026-07-09 20:55:03,551,TWR-012
9734714345,9872774348,2026-07-18 14:19:06,293,TWR-004
9816184959,9951343320,2026-07-09 19:22:38,199,TWR-003
9238849696,9095701543,2026-07-07 17:02:38,321,TWR-015
9627048281,9834657871,2026-07-17 12:13:38,407,TWR-006
9723430980,9260647468,2026-07-15 17:22:24,279,TWR-006
9731781080,9667010651,2026-07-03 11:16:18,76,TWR-009
9244935348,9676320163,2026-07-27 03:42:48,534,TWR-015
9118384251,9161559407,2026-07-25 19:37:51,597,TWR-013
9788957986,9489325288,2026-07-10 19:48:04,31,TWR-012
9278248963,9740164005,2026-07-02 00:38:58,333,TWR-004
9872774348,9788957986,2026-07-13 10:35:00,169,TWR-009
9310341316,9238849696,2026-07-22 08:49:44,286,TWR-008
9037917693,9310341316,2026-07-13 10:38:45,125,TWR-005
9366299468,9244935348,2026-07-17 09:27:58,342,TWR-008
9740164005,9985435346,2026-07-07 23:42:55,182,TWR-009
9354278498,9816184959,2026-07-05 17:33:41,21,TWR-002
9773872148,9260647468,2026-07-26 15:44:15,244,TWR-015
9026542351,9044369957,2026-07-06 06:14:13,567,TWR-008
9331509839,9301031051,2026-07-28 14:35:27,151,TWR-010
9166587603,9872774348,2026-07-05 07:55:48,285,TWR-007
9834657871,9500978820,2026-07-02 18:54:38,549,TWR-002
9939909169,9475255341,2026-07-13 04:45:30,389,TWR-011
9260647468,9773872148,2026-07-20 07:43:34,323,TWR-006
9532871012,9627048281,2026-07-06 17:28:41,276,TWR-004
9788957986,9331509839,2026-07-19 02:09:44,8,TWR-007
9073375433,9037917693,2026-07-16 01:49:40,429,TWR-003
9489325288,9242786801,2026-07-21 20:33:06,308,TWR-005
9242786801,9104332181,2026-07-17 23:38:20,43,TWR-013
9960013389,9740164005,2026-07-10 12:35:58,250,TWR-012
9247510799,9238849696,2026-06-29 19:15:21,597,TWR-006
9025634216,9366299468,2026-07-15 11:24:49,176,TWR-002
9366299468,9685014294,2026-06-30 05:48:12,62,TWR-005
9118384251,9676320163,2026-07-22 06:25:56,84,TWR-012
9475255341,9627048281,2026-07-19 15:06:48,192,TWR-006
9354278498,9084124118,2026-07-15 02:16:33,582,TWR-007
9834657871,9044369957,2026-07-17 15:20:56,445,TWR-014
9019655698,9244935348,2026-07-19 22:18:49,257,TWR-012
9037917693,9104332181,2026-07-01 01:28:34,65,TWR-002
9026542351,9095701543,2026-07-02 18:42:46,134,TWR-012
9278248963,9500978820,2026-07-04 18:11:41,322,TWR-015
9244935348,9627048281,2026-07-09 08:56:47,515,TWR-007
9366299468,9132677360,2026-07-10 05:00:42,372,TWR-001
9333872624,9489325288,2026-07-02 21:41:56,62,TWR-008
9333872624,9019655698,2026-07-17 07:06:24,455,TWR-012
9723430980,9073375433,2026-07-08 03:09:21,299,TWR-007
9019655698,9740164005,2026-07-13 23:13:22,582,TWR-013
9812191361,9247510799,2026-07-22 14:03:15,472,TWR-006
9161559407,9723430980,2026-07-02 02:36:01,517,TWR-002
9834657871,9951343320,2026-06-29 14:30:07,426,TWR-005
9039117182,9025634216,2026-07-22 13:44:49,505,TWR-006
9019655698,9667010651,2026-07-02 20:15:05,6,TWR-011
9036541458,9244935348,2026-07-27 23:19:56,501,TWR-002
9484656482,9161559407,2026-07-06 09:13:32,162,TWR-001
9247510799,9161559407,2026-07-13 16:42:19,353,TWR-002
9019655698,9204505331,2026-07-06 07:38:29,204,TWR-009
9484656482,9475255341,2026-07-22 02:53:22,150,TWR-012
9350305641,9532871012,2026-07-18 21:29:02,393,TWR-010
9734714345,9073375433,2026-07-22 20:45:39,113,TWR-003
9985435346,9104332181,2026-07-06 22:35:28,176,TWR-010
9834738299,9395376724,2026-07-21 03:18:12,110,TWR-015
9985435346,9475255341,2026-07-09 07:40:46,599,TWR-014
9737631165,9685014294,2026-07-06 14:22:14,85,TWR-009
9985435346,9939909169,2026-07-06 06:43:53,566,TWR-008
9083863794,9723430980,2026-07-17 20:55:26,158,TWR-003
9350305641,9939909169,2026-07-05 19:50:43,63,TWR-013
9301031051,9586923226,2026-07-15 04:17:25,318,TWR-005
9951343320,9169340608,2026-06-30 16:22:01,376,TWR-008
9834738299,9812191361,2026-07-22 19:04:47,461,TWR-015
9669096705,9581223623,2026-07-06 20:09:03,223,TWR-014
9301031051,9985435346,2026-07-18 15:13:59,184,TWR-014
9039117182,9773872148,2026-07-08 16:32:22,142,TWR-001
9489325288,9835615951,2026-07-19 18:46:09,589,TWR-007
9350305641,9260647468,2026-07-06 08:37:04,387,TWR-007
9169340608,9834738299,2026-07-17 03:33:36,470,TWR-015
9480184514,9960013389,2026-07-01 22:02:11,292,TWR-001
9484656482,9083863794,2026-07-19 20:16:53,302,TWR-008
9083863794,9044369957,2026-07-20 01:46:43,325,TWR-007
9084124118,9532871012,2026-07-15 03:33:38,418,TWR-010
9238849696,9835615951,2026-07-24 17:53:35,473,TWR-001
9581223623,9627048281,2026-07-10 17:26:22,174,TWR-014
9581223623,9084124118,2026-07-12 16:12:17,146,TWR-012
9354278498,9161559407,2026-07-04 06:10:15,113,TWR-002
9581223623,9166587603,2026-07-18 01:15:06,100,TWR-014
9026542351,9238849696,2026-07-04 23:09:08,576,TWR-002
9044369957,9723430980,2026-07-17 15:43:32,327,TWR-008
9354278498,9104332181,2026-07-24 15:56:35,376,TWR-008
9204505331,9939909169,2026-07-04 01:28:59,411,TWR-010
9036541458,9026542351,2026-07-21 11:59:32,156,TWR-014
9731781080,9036541458,2026-07-02 14:42:58,258,TWR-006
9928327648,9489325288,2026-07-01 19:56:58,501,TWR-012
9788957986,9586923226,2026-07-10 12:50:35,154,TWR-008
9872774348,9788957986,2026-07-22 12:20:30,84,TWR-011
9128059826,9667010651,2026-07-04 09:13:10,568,TWR-001
9627048281,9301031051,2026-07-16 21:41:27,55,TWR-011
9104332181,9685014294,2026-07-28 02:37:03,310,TWR-008
9734714345,9581223623,2026-07-03 11:03:40,218,TWR-005
9667010651,9044369957,2026-07-15 05:24:08,568,TWR-004
9350305641,9132677360,2026-07-27 10:40:30,244,TWR-004
9489325288,9737631165,2026-06-29 14:39:42,233,TWR-009
9676320163,9244935348,2026-07-22 03:36:09,69,TWR-011
9723430980,9128059826,2026-07-19 15:30:17,475,TWR-014
9723430980,9928327648,2026-07-02 15:32:52,412,TWR-011
9287083172,9044369957,2026-07-27 17:31:31,434,TWR-004
9260647468,9037917693,2026-07-05 02:57:31,440,TWR-010
9480184514,9073375433,2026-07-27 06:00:41,496,TWR-003
9244935348,9039117182,2026-07-06 05:15:55,464,TWR-004
9581223623,9166587603,2026-07-26 08:33:35,49,TWR-009
9581223623,9669096705,2026-07-14 04:59:39,259,TWR-004
9019655698,9500978820,2026-07-08 11:36:46,341,TWR-001
9301031051,9084124118,2026-07-09 03:05:31,317,TWR-003
9484656482,9586923226,2026-07-11 01:29:18,450,TWR-010
9084124118,9036541458,2026-07-13 21:20:36,298,TWR-013
9073375433,9104332181,2026-07-04 05:25:52,353,TWR-002
9331509839,9204505331,2026-07-08 01:59:12,189,TWR-006
9667010651,9532871012,2026-07-09 22:36:49,326,TWR-010
9128059826,9773872148,2026-07-16 02:48:23,532,TWR-015
9834657871,9260647468,2026-07-02 10:35:55,143,TWR-006
9581223623,9872774348,2026-07-20 19:44:13,48,TWR-006
9395376724,9238849696,2026-07-22 04:01:11,263,TWR-004
9475255341,9287083172,2026-07-11 21:00:53,563,TWR-003
9480184514,9278248963,2026-07-25 00:44:21,138,TWR-002
9118384251,9301031051,2026-07-11 13:07:21,307,TWR-001
9044369957,9395376724,2026-07-20 07:45:42,361,TWR-010
9366299468,9532871012,2026-07-17 18:08:29,589,TWR-008
9532871012,9480184514,2026-07-27 19:46:54,20,TWR-015
9816184959,9350305641,2026-07-06 21:15:12,544,TWR-014
9244935348,9834657871,2026-07-23 21:59:08,311,TWR-010
9242786801,9169340608,2026-07-19 00:02:47,547,TWR-014
9737631165,9985435346,2026-07-07 16:20:37,517,TWR-009
9812191361,9301031051,2026-07-16 23:30:39,183,TWR-008
9734714345,9166587603,2026-07-13 19:49:53,226,TWR-008
9960013389,9627048281,2026-07-22 19:26:50,25,TWR-010
9475255341,9104332181,2026-07-06 18:18:25,170,TWR-010
9036541458,9104332181,2026-07-16 16:06:41,37,TWR-002
9118384251,9084124118,2026-07-05 14:45:34,333,TWR-004
9310341316,9037917693,2026-07-09 23:13:02,45,TWR-005
9019655698,9260647468,2026-07-11 19:43:07,512,TWR-009
9740164005,9812191361,2026-07-11 12:57:10,152,TWR-005
9269166978,9532871012,2026-07-16 12:18:20,572,TWR-012
9500978820,9951343320,2026-07-26 02:00:28,130,TWR-013
9731781080,9928327648,2026-07-26 06:01:45,430,TWR-014
9489325288,9310341316,2026-07-26 13:33:46,179,TWR-015
9161559407,9104332181,2026-07-01 05:42:32,347,TWR-006
9083863794,9480184514,2026-07-20 03:33:05,294,TWR-012
9242786801,9773872148,2026-07-18 08:35:34,187,TWR-009
9161559407,9287083172,2026-06-29 23:43:06,389,TWR-002
9169340608,9118384251,2026-07-20 23:28:04,489,TWR-010
9500978820,9169340608,2026-07-28 04:39:10,90,TWR-006
9500978820,9026542351,2026-06-29 14:56:17,395,TWR-013
9161559407,9083863794,2026-07-16 01:55:29,70,TWR-009
9669096705,9581223623,2026-07-10 19:09:29,179,TWR-014
9238849696,9247510799,2026-07-14 22:15:38,586,TWR-013
9676320163,9928327648,2026-07-22 19:31:18,395,TWR-005
9731781080,9354278498,2026-07-22 02:51:15,157,TWR-015
9737631165,9247510799,2026-07-14 12:15:48,14,TWR-012
9350305641,9118384251,2026-07-09 19:39:27,429,TWR-007
9128059826,9026542351,2026-07-05 20:39:47,427,TWR-003
9834657871,9260647468,2026-07-07 22:26:09,58,TWR-011
9685014294,9128059826,2026-07-18 14:31:07,311,TWR-006
9669096705,9788957986,2026-07-15 04:03:06,178,TWR-010
9019655698,9773872148,2026-07-07 03:55:17,275,TWR-010
9238849696,9247510799,2026-07-09 00:12:40,315,TWR-015
9489325288,9238849696,2026-07-15 13:46:23,508,TWR-015
9128059826,9269166978,2026-06-29 14:13:47,246,TWR-011
9095701543,9484656482,2026-07-24 12:34:37,66,TWR-003
9816184959,9247510799,2026-07-15 02:07:47,382,TWR-004
9095701543,9044369957,2026-07-03 23:56:51,556,TWR-004
9331509839,9812191361,2026-07-03 22:37:07,550,TWR-008
9834738299,9128059826,2026-07-09 01:38:13,97,TWR-007
9354278498,9118384251,2026-07-26 22:08:36,138,TWR-004
9500978820,9132677360,2026-07-18 22:34:40,318,TWR-012
9269166978,9685014294,2026-07-02 21:06:04,62,TWR-003
9247510799,9104332181,2026-07-12 05:47:00,226,TWR-008
9788957986,9581223623,2026-07-19 09:25:33,43,TWR-013
9489325288,9244935348,2026-07-24 03:11:22,404,TWR-005
9834738299,9812191361,2026-07-11 22:35:53,331,TWR-004
9985435346,9484656482,2026-06-29 01:32:37,560,TWR-014
9331509839,9104332181,2026-06-30 04:03:27,315,TWR-012
9242786801,9073375433,2026-07-09 09:57:10,435,TWR-006
9627048281,9731781080,2026-07-16 15:28:58,47,TWR-010
9073375433,9104332181,2026-07-19 16:03:13,355,TWR-003
9044369957,9084124118,2026-07-24 21:27:14,584,TWR-013
9872774348,9734714345,2026-07-15 19:48:09,253,TWR-003
9627048281,9242786801,2026-07-28 18:46:48,166,TWR-002
9788957986,9581223623,2026-07-20 14:12:32,138,TWR-014
9044369957,9104332181,2026-07-02 03:38:53,91,TWR-001
9500978820,9132677360,2026-07-28 11:16:32,535,TWR-005
9169340608,9773872148,2026-07-17 16:17:03,480,TWR-012
9475255341,9834657871,2026-07-27 11:11:25,135,TWR-008
9676320163,9301031051,2026-07-27 07:54:44,303,TWR-009
9960013389,9816184959,2026-07-12 15:19:48,461,TWR-011
9242786801,9247510799,2026-07-26 14:19:22,73,TWR-005
9350305641,9278248963,2026-07-23 20:26:02,335,TWR-015
9960013389,9737631165,2026-07-08 14:12:43,552,TWR-001
9204505331,9731781080,2026-07-03 17:18:29,215,TWR-009
9269166978,9366299468,2026-07-24 07:19:58,545,TWR-007
9960013389,9104332181,2026-07-19 11:12:42,322,TWR-009
9026542351,9773872148,2026-07-03 03:56:04,145,TWR-004
9395376724,9169340608,2026-07-27 22:03:36,532,TWR-002
9037917693,9128059826,2026-07-11 05:17:57,9,TWR-009
9026542351,9350305641,2026-07-07 10:35:50,100,TWR-001
9301031051,9960013389,2026-07-14 07:23:30,307,TWR-007
9586923226,9928327648,2026-07-09 15:43:15,507,TWR-002
9287083172,9627048281,2026-07-28 14:04:09,397,TWR-004
9084124118,9044369957,2026-07-19 07:06:55,543,TWR-010
9278248963,9475255341,2026-07-01 04:16:28,419,TWR-015
9269166978,9260647468,2026-07-07 19:22:20,382,TWR-003
9581223623,9669096705,2026-07-19 16:21:27,117,TWR-009
9788957986,9083863794,2026-07-05 22:33:05,181,TWR-006
9019655698,9773872148,2026-07-25 20:14:45,533,TWR-011
9788957986,9872774348,2026-07-09 09:04:48,181,TWR-014
9951343320,9044369957,2026-07-16 02:52:08,18,TWR-009
9475255341,9036541458,2026-06-28 19:17:42,495,TWR-015
9019655698,9500978820,2026-07-23 00:44:36,145,TWR-003
9204505331,9083863794,2026-07-25 20:53:05,549,TWR-011
9128059826,9366299468,2026-07-11 09:05:05,542,TWR-005
9872774348,9581223623,2026-07-12 02:49:04,260,TWR-013
9740164005,9128059826,2026-06-30 18:34:35,499,TWR-011
9036541458,9333872624,2026-07-13 00:12:19,70,TWR-008
9669096705,9734714345,2026-07-23 01:43:28,80,TWR-014
9816184959,9812191361,2026-07-09 09:46:32,45,TWR-004
9834738299,9161559407,2026-06-30 04:32:11,562,TWR-009
9366299468,9740164005,2026-07-25 21:38:59,347,TWR-005
9044369957,9985435346,2026-07-16 02:01:22,379,TWR-010
9773872148,9350305641,2026-07-23 10:12:10,57,TWR-007
9581223623,9734714345,2026-07-20 14:24:47,22,TWR-003
9723430980,9773872148,2026-07-06 17:39:47,271,TWR-003
9816184959,9104332181,2026-07-13 05:22:41,319,TWR-009
9788957986,9166587603,2026-06-30 11:33:51,53,TWR-006
9169340608,9331509839,2026-07-04 09:29:38,544,TWR-002
9128059826,9026542351,2026-06-30 23:55:04,401,TWR-007
9132677360,9104332181,2026-07-08 09:47:11,106,TWR-015
9169340608,9331509839,2026-07-21 11:37:03,133,TWR-013
9354278498,9204505331,2026-07-09 08:58:39,92,TWR-001
9500978820,9834657871,2026-07-11 07:58:44,100,TWR-012
9242786801,9118384251,2026-07-22 21:47:44,541,TWR-004
9166587603,9872774348,2026-07-16 08:08:56,101,TWR-015
9480184514,9366299468,2026-07-16 01:12:00,516,TWR-005
9301031051,9242786801,2026-07-24 04:09:57,554,TWR-013
9204505331,9484656482,2026-07-20 16:56:21,46,TWR-013
9740164005,9500978820,2026-07-10 23:26:47,205,TWR-008
9928327648,9475255341,2026-07-07 22:51:40,286,TWR-006
9366299468,9740164005,2026-07-21 20:21:18,159,TWR-001
9333872624,9731781080,2026-07-17 19:59:39,200,TWR-006
9161559407,9480184514,2026-07-17 07:10:36,109,TWR-002
9835615951,9026542351,2026-07-10 00:24:59,401,TWR-015
9812191361,9532871012,2026-07-11 14:38:30,158,TWR-003
9044369957,9667010651,2026-07-16 00:04:12,115,TWR-008
9939909169,9773872148,2026-07-15 17:58:42,300,TWR-015
9669096705,9166587603,2026-07-01 10:04:18,14,TWR-013
9816184959,9834738299,2026-07-23 16:29:55,585,TWR-002
9036541458,9627048281,2026-06-30 17:25:37,228,TWR-003
9627048281,9475255341,2026-07-24 07:00:51,33,TWR-004
9301031051,9037917693,2026-07-20 18:29:22,438,TWR-005
9204505331,9723430980,2026-07-14 10:05:30,170,TWR-011
9834657871,9238849696,2026-07-07 13:48:55,580,TWR-012
9669096705,9581223623,2026-06-28 19:31:58,118,TWR-010
9095701543,9835615951,2026-07-25 20:13:40,405,TWR-008
9740164005,9244935348,2026-07-19 02:16:37,328,TWR-003
9723430980,9489325288,2026-07-23 21:13:39,483,TWR-007
9166587603,9354278498,2026-07-19 13:14:32,110,TWR-013
9773872148,9039117182,2026-07-02 19:41:51,245,TWR-007
9928327648,9104332181,2026-07-20 14:06:04,381,TWR-010
9581223623,9166587603,2026-07-21 12:17:37,160,TWR-010
9480184514,9118384251,2026-07-03 09:30:12,402,TWR-006
9928327648,9586923226,2026-07-06 23:58:16,168,TWR-002
9788957986,9331509839,2026-07-04 04:12:28,179,TWR-011
9500978820,9104332181,2026-07-12 21:07:29,54,TWR-009
9676320163,9586923226,2026-07-09 10:44:28,34,TWR-002
9269166978,9036541458,2026-07-14 06:21:50,542,TWR-010
9238849696,9500978820,2026-07-13 06:12:37,580,TWR-002
9169340608,9118384251,2026-07-21 06:53:06,458,TWR-007
9310341316,9812191361,2026-07-24 18:51:25,408,TWR-002
9287083172,9132677360,2026-07-09 02:41:14,495,TWR-004
9333872624,9331509839,2026-07-19 03:49:30,112,TWR-014
9872774348,9166587603,2026-06-29 17:45:01,260,TWR-004
9260647468,9036541458,2026-07-05 15:52:12,538,TWR-011
9301031051,9104332181,2026-07-05 10:46:33,94,TWR-014
9366299468,9500978820,2026-07-24 04:24:08,374,TWR-001
9788957986,9532871012,2026-07-27 04:03:13,175,TWR-004
9036541458,9331509839,2026-07-05 01:38:03,586,TWR-011
9287083172,9037917693,2026-06-29 10:55:57,71,TWR-006
9331509839,9269166978,2026-07-06 14:10:39,221,TWR-004
9366299468,9095701543,2026-07-03 17:52:44,274,TWR-010
9244935348,9350305641,2026-07-20 11:12:37,322,TWR-002
9244935348,9951343320,2026-07-22 20:54:48,444,TWR-007
9475255341,9676320163,2026-07-10 17:41:48,209,TWR-003
9627048281,9939909169,2026-07-15 23:01:12,587,TWR-001
9835615951,9951343320,2026-06-29 16:18:28,560,TWR-005
9928327648,9816184959,2026-07-01 12:03:18,339,TWR-012
9475255341,9104332181,2026-07-19 00:49:20,385,TWR-015
9278248963,9685014294,2026-07-17 02:11:48,434,TWR-009
9532871012,9951343320,2026-07-03 19:16:39,64,TWR-004
9872774348,9166587603,2026-07-25 00:16:49,270,TWR-005
9238849696,9951343320,2026-07-10 12:12:53,302,TWR-004
9238849696,9104332181,2026-07-16 02:23:24,356,TWR-001
9960013389,9287083172,2026-07-12 00:50:43,239,TWR-015
9310341316,9350305641,2026-07-16 00:12:56,264,TWR-005
9812191361,9331509839,2026-07-09 01:33:50,551,TWR-010
9287083172,9104332181,2026-07-07 06:25:42,396,TWR-012
9169340608,9278248963,2026-07-10 22:33:19,587,TWR-015
9333872624,9104332181,2026-07-12 01:26:08,201,TWR-002
9166587603,9581223623,2026-07-07 20:48:28,217,TWR-013
9737631165,9260647468,2026-07-17 15:51:31,558,TWR-007
9788957986,9489325288,2026-07-17 11:15:44,56,TWR-015
9333872624,9084124118,2026-07-06 21:56:25,565,TWR-012
9676320163,9204505331,2026-07-19 15:42:39,450,TWR-012
9039117182,9301031051,2026-07-18 06:00:41,461,TWR-014
9310341316,9928327648,2026-07-19 15:38:00,410,TWR-006
9036541458,9475255341,2026-07-10 16:14:08,159,TWR-011
9834738299,9480184514,2026-07-10 14:42:01,77,TWR-001
9872774348,9581223623,2026-07-03 12:40:57,285,TWR-004
9169340608,9586923226,2026-06-30 07:31:50,107,TWR-004
9019655698,9350305641,2026-07-05 03:09:48,7,TWR-005
9395376724,9278248963,2026-07-12 06:22:58,570,TWR-007
9723430980,9161559407,2026-07-24 19:26:35,236,TWR-009
9395376724,9044369957,2026-07-13 18:31:49,252,TWR-009
9354278498,9169340608,2026-07-08 01:38:45,163,TWR-006
9475255341,9269166978,2026-07-04 13:52:20,540,TWR-008
9204505331,9104332181,2026-07-24 17:14:32,293,TWR-011
9834738299,9247510799,2026-07-12 01:35:35,268,TWR-006
9037917693,9084124118,2026-07-27 17:55:27,60,TWR-012
9737631165,9132677360,2026-07-06 19:31:34,175,TWR-015
9834738299,9667010651,2026-07-15 00:30:31,254,TWR-012
9166587603,9788957986,2026-07-07 22:58:05,243,TWR-008
9161559407,9104332181,2026-07-25 21:49:57,262,TWR-003
9872774348,9734714345,2026-07-26 06:18:17,285,TWR-006
9788957986,9489325288,2026-06-29 11:08:18,170,TWR-014
9834657871,9773872148,2026-07-19 07:18:56,313,TWR-005
9676320163,9500978820,2026-07-25 09:40:19,426,TWR-008
9872774348,9669096705,2026-07-15 05:29:22,130,TWR-007
9354278498,9301031051,2026-07-18 08:48:18,288,TWR-004
9985435346,9951343320,2026-07-18 11:24:04,425,TWR-005
9084124118,9037917693,2026-07-13 07:49:22,340,TWR-015
9350305641,9928327648,2026-07-08 06:16:51,312,TWR-014
9084124118,9204505331,2026-07-16 11:33:34,332,TWR-008
9310341316,9036541458,2026-07-27 05:13:06,555,TWR-003
9627048281,9161559407,2026-07-20 19:16:55,445,TWR-006
9740164005,9036541458,2026-07-08 21:05:47,84,TWR-011
9247510799,9044369957,2026-07-21 21:36:05,426,TWR-014
9667010651,9812191361,2026-07-15 01:46:51,251,TWR-004
9166587603,9788957986,2026-07-14 22:13:35,47,TWR-011
9354278498,9489325288,2026-07-01 06:26:18,81,TWR-001
9586923226,9475255341,2026-07-06 20:12:21,46,TWR-003
9835615951,9731781080,2026-07-14 10:35:47,558,TWR-001
9350305641,9169340608,2026-07-11 07:28:54,191,TWR-010
9773872148,9985435346,2026-07-01 21:55:06,478,TWR-013
9669096705,9788957986,2026-07-08 18:42:23,76,TWR-003
9500978820,9169340608,2026-07-14 19:27:05,305,TWR-011
9132677360,9104332181,2026-07-04 12:54:17,134,TWR-005
9354278498,9037917693,2026-07-08 21:14:48,49,TWR-005
9095701543,9019655698,2026-07-16 19:23:41,409,TWR-007
9581223623,9669096705,2026-07-02 05:13:24,293,TWR-014
9084124118,9928327648,2026-07-02 14:25:32,58,TWR-011
9104332181,9204505331,2026-07-14 01:00:01,112,TWR-007
9788957986,9734714345,2026-07-14 20:18:51,218,TWR-002
9532871012,9083863794,2026-07-05 06:32:10,527,TWR-009
9731781080,9834657871,2026-07-28 08:08:18,287,TWR-010
9816184959,9278248963,2026-07-22 11:44:56,357,TWR-004
9039117182,9333872624,2026-07-23 09:24:02,143,TWR-013
9773872148,9104332181,2026-07-06 19:28:23,135,TWR-012
9475255341,9287083172,2026-07-03 01:28:40,456,TWR-008
9204505331,9037917693,2026-07-27 05:03:47,233,TWR-013
9083863794,9331509839,2026-07-18 07:14:20,222,TWR-001
9489325288,9260647468,2026-07-21 03:09:06,14,TWR-015
9287083172,9083863794,2026-07-25 23:56:10,311,TWR-006
9242786801,9278248963,2026-07-27 16:04:46,595,TWR-007
9723430980,9044369957,2026-07-25 07:49:14,412,TWR-008
9301031051,9723430980,2026-07-12 14:25:33,96,TWR-008
9366299468,9834738299,2026-07-24 18:17:12,344,TWR-015
9037917693,9242786801,2026-07-23 19:48:32,410,TWR-011
9269166978,9812191361,2026-07-15 02:39:36,66,TWR-010
9166587603,9872774348,2026-07-21 14:53:36,179,TWR-013
9366299468,9586923226,2026-07-02 10:22:05,450,TWR-011
9161559407,9816184959,2026-07-20 18:02:50,394,TWR-012
9788957986,9166587603,2026-07-04 13:27:45,125,TWR-012
9204505331,9104332181,2026-07-09 08:35:30,281,TWR-010
9939909169,9740164005,2026-07-07 03:44:07,394,TWR-003
9242786801,9951343320,2026-07-07 16:01:33,44,TWR-009
9475255341,9104332181,2026-07-05 07:25:08,83,TWR-003
9951343320,9489325288,2026-07-06 23:10:52,417,TWR-006
9951343320,9500978820,2026-07-21 15:42:52,492,TWR-008
9773872148,9242786801,2026-06-29 16:37:05,81,TWR-008
9166587603,9581223623,2026-07-05 04:11:30,80,TWR-013
9835615951,9723430980,2026-07-12 21:47:45,243,TWR-003
9269166978,9737631165,2026-07-05 19:40:37,265,TWR-006
9310341316,9960013389,2026-07-20 00:23:25,400,TWR-004
9278248963,9331509839,2026-07-15 03:08:51,216,TWR-009
9816184959,9354278498,2026-07-08 21:11:11,363,TWR-005
9928327648,9939909169,2026-07-17 18:46:59,326,TWR-011
9985435346,9044369957,2026-06-29 23:07:14,87,TWR-014
9169340608,9812191361,2026-07-10 10:17:41,168,TWR-007
9835615951,9834657871,2026-07-18 21:54:04,404,TWR-013
9939909169,9676320163,2026-07-27 12:20:59,221,TWR-015
9354278498,9333872624,2026-07-21 15:12:46,254,TWR-009
9834738299,9310341316,2026-07-26 01:05:32,320,TWR-008
9036541458,9985435346,2026-07-04 19:04:55,230,TWR-008
9773872148,9939909169,2026-07-19 11:31:43,340,TWR-003
9500978820,9037917693,2026-07-08 23:02:17,98,TWR-011
9834657871,9773872148,2026-07-03 21:13:57,70,TWR-011
9104332181,9489325288,2026-07-22 12:00:51,74,TWR-006
9834738299,9037917693,2026-07-17 10:09:02,74,TWR-013
9939909169,9333872624,2026-06-29 19:44:06,491,TWR-010
9269166978,9350305641,2026-07-09 02:08:13,234,TWR-014
9788957986,9260647468,2026-07-17 13:14:34,66,TWR-004
9985435346,9104332181,2026-07-03 09:01:22,446,TWR-003
9788957986,9737631165,2026-07-06 06:35:25,63,TWR-014
9083863794,9287083172,2026-07-26 13:27:23,292,TWR-015
9960013389,9731781080,2026-06-30 12:25:43,173,TWR-010
9484656482,9928327648,2026-07-02 04:09:31,5,TWR-013
9026542351,9939909169,2026-07-27 18:38:02,81,TWR-014
9204505331,9287083172,2026-07-11 12:15:14,120,TWR-011
9685014294,9025634216,2026-07-05 19:29:13,284,TWR-013
9667010651,9489325288,2026-07-13 22:48:34,391,TWR-010
9333872624,9128059826,2026-07-25 18:16:53,537,TWR-005
9354278498,9350305641,2026-07-23 15:43:21,350,TWR-014
9310341316,9104332181,2026-07-25 15:02:56,386,TWR-001
9834738299,9928327648,2026-07-06 07:08:53,280,TWR-012
9083863794,9104332181,2026-07-11 04:27:17,313,TWR-008
9350305641,9685014294,2026-07-04 04:05:23,412,TWR-015
9834657871,9084124118,2026-06-30 08:56:46,210,TWR-008
9084124118,9104332181,2026-07-24 23:08:06,24,TWR-011
9044369957,9019655698,2026-07-16 11:13:44,330,TWR-012
9331509839,9128059826,2026-07-08 10:00:17,419,TWR-012
9242786801,9026542351,2026-07-05 06:38:59,250,TWR-008
9301031051,9928327648,2026-07-08 15:39:15,245,TWR-002
9039117182,9627048281,2026-07-09 08:41:10,97,TWR-001
9278248963,9834738299,2026-07-16 10:12:01,164,TWR-005
9737631165,9278248963,2026-07-09 14:56:37,376,TWR-015
9166587603,9788957986,2026-07-14 15:08:39,272,TWR-013
9026542351,9532871012,2026-07-20 18:45:45,169,TWR-005
9169340608,9723430980,2026-07-02 04:13:23,11,TWR-009
9128059826,9812191361,2026-07-20 20:31:55,355,TWR-015
9685014294,9475255341,2026-07-25 23:53:25,138,TWR-015
9019655698,9480184514,2026-07-06 08:39:30,16,TWR-011
9669096705,9166587603,2026-07-19 19:14:53,21,TWR-010
9278248963,9395376724,2026-07-16 15:05:13,519,TWR-015
9581223623,9669096705,2026-07-01 06:00:45,244,TWR-014
9269166978,9773872148,2026-07-02 02:00:34,454,TWR-011
9667010651,9161559407,2026-07-10 20:14:25,393,TWR-006
9169340608,9489325288,2026-07-18 15:13:22,412,TWR-011
9740164005,9128059826,2026-07-15 19:51:01,34,TWR-012
9951343320,9331509839,2026-07-06 17:14:21,61,TWR-009
9132677360,9083863794,2026-07-16 11:10:08,248,TWR-008
9166587603,9581223623,2026-07-27 12:53:48,247,TWR-014
9036541458,9475255341,2026-07-25 22:35:17,51,TWR-001
9500978820,9104332181,2026-07-09 20:36:41,130,TWR-008
9366299468,9740164005,2026-06-29 20:35:41,303,TWR-009
9816184959,9247510799,2026-07-20 06:09:05,577,TWR-015
9073375433,9731781080,2026-07-05 00:51:37,503,TWR-011
9301031051,9104332181,2026-06-28 19:23:11,142,TWR-006
9484656482,9132677360,2026-07-02 02:23:02,540,TWR-013
9960013389,9333872624,2026-07-25 03:41:46,208,TWR-010
9788957986,9669096705,2026-07-17 23:36:59,289,TWR-004
9669096705,9166587603,2026-07-10 08:34:42,296,TWR-015
9036541458,9484656482,2026-07-17 09:07:03,325,TWR-007
9834657871,9773872148,2026-07-07 07:42:20,87,TWR-008
9331509839,9310341316,2026-07-06 01:50:22,52,TWR-015
9238849696,9247510799,2026-07-23 23:41:21,578,TWR-007
9773872148,9489325288,2026-07-09 22:49:47,492,TWR-012
9835615951,9104332181,2026-07-23 11:49:47,516,TWR-003
9084124118,9278248963,2026-07-18 05:48:06,596,TWR-009
9204505331,9586923226,2026-07-08 03:22:39,103,TWR-009
9132677360,9128059826,2026-07-16 01:41:47,457,TWR-007
9480184514,9333872624,2026-07-04 10:56:34,121,TWR-008
9928327648,9685014294,2026-07-21 03:00:47,340,TWR-002
9084124118,9204505331,2026-07-07 16:37:15,54,TWR-004
9627048281,9242786801,2026-07-19 10:16:31,91,TWR-015
9118384251,9128059826,2026-07-02 15:00:23,154,TWR-012
9310341316,9773872148,2026-07-03 10:33:31,107,TWR-009
9734714345,9872774348,2026-07-08 12:54:35,138,TWR-005
9083863794,9834657871,2026-06-30 18:57:36,532,TWR-007
9734714345,9669096705,2026-07-01 12:20:27,14,TWR-014
9118384251,9244935348,2026-07-26 23:37:16,106,TWR-013
9581223623,9734714345,2026-07-07 18:45:33,162,TWR-007
9204505331,9019655698,2026-07-12 06:54:56,477,TWR-012
9278248963,9489325288,2026-07-04 04:31:21,183,TWR-001
9331509839,9731781080,2026-07-04 07:50:41,144,TWR-005
9812191361,9095701543,2026-07-24 08:52:39,470,TWR-002
9354278498,9269166978,2026-07-04 09:35:20,243,TWR-006
9773872148,9985435346,2026-07-12 09:25:14,37,TWR-007
9734714345,9872774348,2026-07-04 15:06:29,299,TWR-012
9132677360,9287083172,2026-07-18 05:18:49,327,TWR-009
9242786801,9104332181,2026-07-23 19:22:34,170,TWR-002
9331509839,9834738299,2026-07-23 06:34:09,439,TWR-004
9366299468,9128059826,2026-07-16 22:00:25,13,TWR-010
9723430980,9083863794,2026-07-09 17:18:14,387,TWR-005
9928327648,9104332181,2026-07-20 01:29:02,77,TWR-002
9036541458,9128059826,2026-07-14 21:42:51,191,TWR-014
9204505331,9951343320,2026-07-19 03:54:44,121,TWR-007
9084124118,9489325288,2026-07-19 04:46:02,73,TWR-002
9669096705,9734714345,2026-07-09 17:39:53,241,TWR-005
9019655698,9816184959,2026-07-21 07:54:25,516,TWR-002
9260647468,9676320163,2026-07-26 11:58:43,139,TWR-015
9039117182,9025634216,2026-07-20 18:24:25,409,TWR-005
9310341316,9039117182,2026-07-20 17:09:59,453,TWR-012
9166587603,9669096705,2026-07-17 05:45:07,68,TWR-005
9586923226,9244935348,2026-07-11 03:55:56,434,TWR-002
9204505331,9169340608,2026-07-23 09:20:46,184,TWR-002
9395376724,9586923226,2026-07-19 19:22:17,34,TWR-001
9834738299,9083863794,2026-06-29 10:39:32,586,TWR-008
9104332181,9025634216,2026-07-13 00:23:02,469,TWR-014
9816184959,9044369957,2026-07-18 22:25:11,551,TWR-007
9835615951,9104332181,2026-07-15 18:46:32,33,TWR-010
9095701543,9939909169,2026-07-15 01:06:50,17,TWR-013
9104332181,9480184514,2026-07-26 02:02:43,20,TWR-008
9740164005,9354278498,2026-07-12 08:10:13,337,TWR-007
9788957986,9532871012,2026-07-05 01:16:48,150,TWR-003
9037917693,9132677360,2026-07-15 01:40:04,521,TWR-003
9685014294,9238849696,2026-07-14 16:13:35,457,TWR-015
9500978820,9812191361,2026-07-20 22:35:17,356,TWR-013
9788957986,9025634216,2026-07-24 16:43:15,176,TWR-012
9731781080,9044369957,2026-07-25 14:45:56,451,TWR-010
9723430980,9354278498,2026-07-16 18:24:26,523,TWR-015
9734714345,9166587603,2026-07-26 21:15:34,223,TWR-015
9723430980,9128059826,2026-07-10 16:42:28,419,TWR-008
9737631165,9244935348,2026-07-11 10:52:35,205,TWR-004
9734714345,9095701543,2026-07-02 22:02:26,128,TWR-002
9723430980,9812191361,2026-07-24 06:22:01,68,TWR-008
9395376724,9132677360,2026-07-21 11:33:46,600,TWR-001
9816184959,9731781080,2026-06-29 10:35:02,107,TWR-008
9118384251,9037917693,2026-07-28 15:19:52,50,TWR-001
9244935348,9366299468,2026-07-22 04:19:28,370,TWR-002
9310341316,9260647468,2026-07-25 17:36:49,148,TWR-002
9204505331,9354278498,2026-07-03 23:42:49,293,TWR-004
9238849696,9104332181,2026-07-23 11:58:41,115,TWR-012
9960013389,9204505331,2026-07-28 16:01:04,259,TWR-004
9676320163,9773872148,2026-07-08 00:57:24,561,TWR-001
9872774348,9734714345,2026-07-21 03:43:33,53,TWR-003
9019655698,9484656482,2026-07-06 04:42:48,141,TWR-011
9928327648,9104332181,2026-07-08 06:31:19,228,TWR-002
9834738299,9685014294,2026-07-24 11:06:52,526,TWR-007
9278248963,9044369957,2026-07-23 16:35:48,576,TWR-003
9169340608,9480184514,2026-07-07 10:12:13,451,TWR-005
9128059826,9238849696,2026-07-14 13:04:46,197,TWR-009
9928327648,9333872624,2026-07-10 17:10:10,529,TWR-005
9044369957,9242786801,2026-07-06 00:05:07,100,TWR-007
9685014294,9104332181,2026-07-27 05:08:21,111,TWR-014
9734714345,9788957986,2026-07-23 15:33:43,293,TWR-003
9350305641,9627048281,2026-07-25 00:06:28,122,TWR-010
9788957986,9872774348,2026-07-01 11:04:38,90,TWR-012
9676320163,9128059826,2026-07-17 23:01:13,156,TWR-012
9816184959,9073375433,2026-07-01 18:10:08,253,TWR-010
9960013389,9737631165,2026-07-27 07:14:18,590,TWR-013
9939909169,9834738299,2026-07-10 02:41:26,515,TWR-011
9788957986,9166587603,2026-07-23 17:54:53,83,TWR-003
9723430980,9260647468,2026-07-15 10:19:45,317,TWR-008
9310341316,9104332181,2026-06-30 10:46:26,366,TWR-007
9161559407,9532871012,2026-07-01 17:11:23,459,TWR-013
9260647468,9019655698,2026-07-20 08:06:41,396,TWR-009
9484656482,9816184959,2026-07-15 14:51:24,125,TWR-013
9734714345,9581223623,2026-07-05 22:22:21,265,TWR-012
9166587603,9581223623,2026-07-15 01:21:03,103,TWR-012
9132677360,9960013389,2026-07-01 21:29:53,157,TWR-011
9166587603,9669096705,2026-07-05 07:50:04,62,TWR-014
9500978820,9104332181,2026-06-29 04:26:22,378,TWR-015
9287083172,9238849696,2026-07-13 07:00:20,420,TWR-010
9834657871,9204505331,2026-07-24 14:14:16,31,TWR-011
9084124118,9331509839,2026-07-15 07:35:07,139,TWR-004
9740164005,9244935348,2026-07-11 15:24:29,78,TWR-002
9026542351,9310341316,2026-07-11 15:36:10,546,TWR-002
9260647468,9951343320,2026-07-27 09:45:59,538,TWR-013
9083863794,9260647468,2026-07-27 06:31:40,592,TWR-007
9740164005,9985435346,2026-07-04 20:21:22,324,TWR-010
9310341316,9740164005,2026-07-05 06:35:11,475,TWR-001
9166587603,9788957986,2026-07-16 23:37:48,32,TWR-004
9166587603,9669096705,2026-07-16 12:03:16,129,TWR-015
9734714345,9788957986,2026-07-06 03:06:04,268,TWR-013
9812191361,9169340608,2026-07-04 21:16:00,299,TWR-012
9740164005,9835615951,2026-07-12 11:33:15,24,TWR-007
9835615951,9073375433,2026-07-14 16:57:14,332,TWR-015
9104332181,9685014294,2026-07-09 01:43:42,319,TWR-002
9669096705,9788957986,2026-07-25 05:40:18,76,TWR-013
9084124118,9104332181,2026-07-22 03:02:42,222,TWR-001
9734714345,9872774348,2026-07-03 19:46:56,165,TWR-012
9169340608,9242786801,2026-07-06 02:09:53,454,TWR-012
9669096705,9581223623,2026-06-29 23:55:43,194,TWR-013
9581223623,9166587603,2026-07-10 05:08:28,183,TWR-011
9685014294,9834657871,2026-07-25 01:59:02,117,TWR-009
9985435346,9037917693,2026-06-28 19:54:10,488,TWR-011
9084124118,9985435346,2026-07-03 23:10:17,446,TWR-009
9044369957,9835615951,2026-07-04 11:45:58,418,TWR-011
9480184514,9084124118,2026-07-21 19:48:56,31,TWR-006
9019655698,9204505331,2026-07-14 20:27:31,495,TWR-011
9083863794,9104332181,2026-07-19 20:08:40,114,TWR-015
9872774348,9788957986,2026-07-25 17:03:02,44,TWR-010
9669096705,9788957986,2026-07-12 00:19:16,160,TWR-014
9354278498,9834657871,2026-07-16 05:15:33,338,TWR-004
9872774348,9581223623,2026-07-26 10:46:29,279,TWR-007
9204505331,9260647468,2026-07-07 17:09:02,442,TWR-015
9025634216,9073375433,2026-07-14 10:20:53,425,TWR-013
9204505331,9104332181,2026-07-16 20:05:15,332,TWR-001
9244935348,9773872148,2026-07-17 07:33:18,251,TWR-008
9581223623,9788957986,2026-07-04 01:17:15,136,TWR-009
9083863794,9161559407,2026-07-26 16:17:24,261,TWR-013
9166587603,9788957986,2026-07-23 00:26:23,287,TWR-010
9084124118,9104332181,2026-07-23 08:35:51,267,TWR-011
9731781080,9586923226,2026-07-05 21:36:36,119,TWR-002
9166587603,9788957986,2026-06-29 11:01:09,276,TWR-005
9095701543,9928327648,2026-07-25 12:20:38,250,TWR-004
9737631165,9036541458,2026-07-27 17:33:26,590,TWR-014
9731781080,9475255341,2026-07-20 07:02:58,503,TWR-009
9169340608,9044369957,2026-07-16 08:13:42,524,TWR-005
9354278498,9480184514,2026-07-01 01:07:11,42,TWR-012
9834738299,9301031051,2026-07-04 12:06:31,32,TWR-013
9872774348,9734714345,2026-07-21 09:01:24,153,TWR-014
9128059826,9301031051,2026-07-04 13:05:50,428,TWR-013
9169340608,9039117182,2026-07-22 16:06:23,559,TWR-001
9734714345,9104332181,2026-07-25 06:56:27,28,TWR-011
9204505331,9676320163,2026-07-20 04:04:27,237,TWR-012
9581223623,9788957986,2026-07-25 07:08:12,88,TWR-012
9740164005,9104332181,2026-07-04 15:50:28,153,TWR-008
9247510799,9310341316,2026-07-23 12:25:57,88,TWR-014
9333872624,9019655698,2026-07-18 15:21:45,58,TWR-013
9816184959,9480184514,2026-07-15 19:59:36,408,TWR-003
9287083172,9731781080,2026-07-03 15:02:22,499,TWR-015
9669096705,9788957986,2026-07-17 02:54:44,115,TWR-003
9685014294,9287083172,2026-07-15 15:51:37,409,TWR-014
9872774348,9788957986,2026-07-09 15:04:29,127,TWR-008
9025634216,9104332181,2026-07-06 05:57:01,147,TWR-006
9161559407,9278248963,2026-07-08 18:19:29,103,TWR-013
9740164005,9104332181,2026-07-02 23:30:41,77,TWR-007
9834738299,9260647468,2026-07-24 08:36:41,159,TWR-012
9161559407,9247510799,2026-07-12 12:37:25,312,TWR-014
9019655698,9354278498,2026-07-06 19:03:49,302,TWR-003
9242786801,9685014294,2026-06-30 03:47:44,162,TWR-002
9627048281,9816184959,2026-07-01 01:15:18,123,TWR-008
9685014294,9500978820,2026-07-19 04:07:50,343,TWR-005
9247510799,9095701543,2026-07-25 00:51:52,315,TWR-010
9026542351,9037917693,2026-07-18 11:38:01,16,TWR-008
9269166978,9731781080,2026-07-25 17:14:50,258,TWR-005
9118384251,9928327648,2026-07-13 13:15:48,420,TWR-014
9161559407,9500978820,2026-07-08 10:44:59,188,TWR-007
9025634216,9118384251,2026-07-19 19:08:16,22,TWR-006
9083863794,9260647468,2026-07-27 06:35:03,374,TWR-012
9951343320,9484656482,2026-07-15 18:17:16,128,TWR-014
9350305641,9247510799,2026-07-03 04:48:10,455,TWR-001
9247510799,9104332181,2026-07-13 11:21:43,372,TWR-002
9269166978,9037917693,2026-07-11 13:54:50,192,TWR-012
9247510799,9287083172,2026-07-23 10:28:38,326,TWR-006
9026542351,9812191361,2026-07-22 02:38:18,392,TWR-007
9723430980,9025634216,2026-07-01 09:19:02,395,TWR-007
9532871012,9310341316,2026-07-27 19:22:34,530,TWR-010
9095701543,9238849696,2026-06-28 21:11:10,451,TWR-011
9025634216,9773872148,2026-07-13 02:53:55,9,TWR-005
9489325288,9985435346,2026-07-07 01:43:28,30,TWR-015
9834738299,9247510799,2026-07-20 03:11:37,400,TWR-009
9036541458,9985435346,2026-06-30 06:21:18,194,TWR-004
9669096705,9734714345,2026-07-11 23:02:06,73,TWR-011
9019655698,9104332181,2026-07-06 04:50:08,357,TWR-015
9247510799,9939909169,2026-07-18 11:28:54,568,TWR-006
9788957986,9475255341,2026-07-03 21:03:45,47,TWR-012
9204505331,9073375433,2026-07-08 13:24:52,411,TWR-014
9475255341,9667010651,2026-07-16 18:48:25,472,TWR-005
9104332181,9960013389,2026-07-12 21:48:23,286,TWR-009
9278248963,9118384251,2026-07-16 17:31:38,236,TWR-010
9039117182,9331509839,2026-07-12 08:55:24,138,TWR-010
9951343320,9723430980,2026-07-12 08:06:53,31,TWR-013
9039117182,9489325288,2026-07-03 06:19:45,407,TWR-012
9788957986,9872774348,2026-07-27 09:10:21,225,TWR-009
9740164005,9169340608,2026-06-30 08:29:45,81,TWR-011
9734714345,9581223623,2026-07-27 22:50:35,83,TWR-003
9044369957,9500978820,2026-07-05 03:24:30,54,TWR-001
9928327648,9500978820,2026-07-05 22:09:00,300,TWR-009
9204505331,9244935348,2026-07-18 15:19:23,66,TWR-001
9788957986,9667010651,2026-07-27 05:14:53,6,TWR-001
9731781080,9039117182,2026-07-01 16:58:34,274,TWR-010
9737631165,9475255341,2026-07-21 13:24:29,77,TWR-009
9204505331,9723430980,2026-07-01 07:20:58,41,TWR-011
9039117182,9104332181,2026-07-07 23:30:16,68,TWR-013
9500978820,9044369957,2026-07-13 19:57:52,10,TWR-010
9484656482,9475255341,2026-07-17 14:16:53,594,TWR-001
9204505331,9301031051,2026-07-05 19:07:41,296,TWR-006
9835615951,9489325288,2026-07-18 13:13:34,196,TWR-004
9812191361,9104332181,2026-07-09 13:10:20,280,TWR-004
9128059826,9104332181,2026-07-01 16:21:07,224,TWR-008
9737631165,9104332181,2026-07-20 00:51:25,402,TWR-013
9301031051,9104332181,2026-07-09 14:03:33,205,TWR-015
9350305641,9835615951,2026-07-11 21:44:33,316,TWR-002
9366299468,9128059826,2026-07-04 14:31:22,78,TWR-007
9788957986,9734714345,2026-07-03 12:18:45,272,TWR-009
9581223623,9669096705,2026-07-04 13:11:04,181,TWR-014
9260647468,9242786801,2026-06-30 10:27:36,73,TWR-007
9788957986,9734714345,2026-07-26 02:23:32,72,TWR-014
9667010651,9104332181,2026-07-05 19:14:41,132,TWR-012
9118384251,9204505331,2026-07-21 22:25:08,107,TWR-012
9025634216,9104332181,2026-07-15 18:45:16,312,TWR-003
9395376724,9026542351,2026-07-20 14:39:52,434,TWR-011
9025634216,9395376724,2026-07-14 01:07:18,142,TWR-005
9161559407,9723430980,2026-07-25 09:42:30,495,TWR-008
9480184514,9073375433,2026-07-20 07:00:47,202,TWR-001
9928327648,9331509839,2026-07-26 07:33:16,590,TWR-012
9951343320,9740164005,2026-07-21 02:49:08,552,TWR-010
9586923226,9667010651,2026-07-26 07:38:20,554,TWR-009
9247510799,9025634216,2026-07-27 18:00:39,329,TWR-006
9238849696,9500978820,2026-07-08 00:41:52,381,TWR-015
9928327648,9169340608,2026-07-22 14:13:15,216,TWR-013
9685014294,9019655698,2026-07-20 09:48:16,534,TWR-002
9166587603,9669096705,2026-07-09 01:27:35,84,TWR-001
9586923226,9132677360,2026-07-19 05:22:20,312,TWR-001
9278248963,9723430980,2026-06-29 03:21:06,542,TWR-006
9951343320,9104332181,2026-06-29 04:25:54,329,TWR-003
9037917693,9951343320,2026-07-01 21:08:50,286,TWR-008
9773872148,9128059826,2026-07-25 05:14:43,240,TWR-008
9834657871,9084124118,2026-07-21 06:43:19,98,TWR-004
9026542351,9118384251,2026-07-18 06:23:59,292,TWR-010
9834738299,9278248963,2026-07-23 09:11:52,224,TWR-006
9740164005,9278248963,2026-07-22 19:54:21,58,TWR-014
9872774348,9166587603,2026-07-04 05:10:29,296,TWR-014
9627048281,9685014294,2026-07-03 11:37:37,407,TWR-008
9484656482,9301031051,2026-07-20 18:30:47,411,TWR-002
9928327648,9310341316,2026-07-05 01:25:46,390,TWR-013
9044369957,9084124118,2026-07-14 17:28:38,387,TWR-003
9025634216,9169340608,2026-07-25 13:57:38,574,TWR-011
9242786801,9161559407,2026-07-05 08:29:57,46,TWR-013
9834738299,9025634216,2026-06-30 12:48:08,410,TWR-010
9985435346,9960013389,2026-07-22 13:02:17,344,TWR-013
9161559407,9104332181,2026-07-25 06:29:50,283,TWR-011
9740164005,9532871012,2026-07-10 03:56:43,145,TWR-011
9019655698,9928327648,2026-07-02 13:33:49,420,TWR-003
9039117182,9310341316,2026-07-14 16:01:29,269,TWR-012
9627048281,9044369957,2026-07-17 21:51:11,381,TWR-009
9354278498,9985435346,2026-07-06 15:18:11,206,TWR-013
9723430980,9310341316,2026-07-08 08:31:43,145,TWR-001
9104332181,9026542351,2026-07-03 21:07:08,232,TWR-003
9366299468,9039117182,2026-07-26 11:44:26,97,TWR-010
9204505331,9834738299,2026-07-24 02:40:24,92,TWR-002
9480184514,9685014294,2026-07-11 11:47:17,60,TWR-009
9500978820,9242786801,2026-07-08 23:40:06,97,TWR-004
9287083172,9484656482,2026-07-24 03:59:56,512,TWR-013
9025634216,9104332181,2026-07-01 02:22:52,378,TWR-014
9247510799,9773872148,2026-07-12 03:20:12,131,TWR-001
9834738299,9037917693,2026-07-12 07:47:23,59,TWR-001
9238849696,9104332181,2026-07-04 07:11:12,20,TWR-002
9247510799,9019655698,2026-07-04 05:43:11,575,TWR-001
9734714345,9788957986,2026-07-05 16:31:07,295,TWR-005
9204505331,9287083172,2026-07-01 11:50:21,515,TWR-012
9128059826,9484656482,2026-07-22 05:43:50,258,TWR-011
9132677360,9667010651,2026-07-28 18:50:46,40,TWR-005
9581223623,9669096705,2026-07-09 11:23:38,288,TWR-010
9872774348,9581223623,2026-07-02 00:01:09,142,TWR-007
9025634216,9333872624,2026-07-08 13:31:54,551,TWR-005
9627048281,9395376724,2026-07-26 15:41:32,351,TWR-009
9166587603,9669096705,2026-07-23 00:20:50,194,TWR-008
9872774348,9581223623,2026-07-16 00:28:09,216,TWR-013
9026542351,9287083172,2026-07-01 23:08:59,488,TWR-001
9204505331,9132677360,2026-07-28 12:18:01,356,TWR-014
9350305641,9928327648,2026-07-27 15:24:31,488,TWR-012
9740164005,9278248963,2026-07-21 12:43:54,162,TWR-012
9723430980,9242786801,2026-07-07 10:27:38,463,TWR-013
9480184514,9676320163,2026-07-09 18:39:33,381,TWR-013
9667010651,9333872624,2026-07-19 02:05:42,30,TWR-003
9247510799,9287083172,2026-07-11 06:29:02,432,TWR-005
9669096705,9166587603,2026-07-03 10:57:00,129,TWR-006
9475255341,9366299468,2026-07-11 13:35:49,510,TWR-003
9039117182,9118384251,2026-07-05 06:08:30,253,TWR-008
9169340608,9118384251,2026-07-12 06:52:18,79,TWR-013
9104332181,9939909169,2026-07-22 06:44:54,201,TWR-005
9581223623,9872774348,2026-06-29 18:00:15,272,TWR-014
9834738299,9238849696,2026-07-09 08:18:10,73,TWR-009
9350305641,9104332181,2026-07-11 11:29:44,375,TWR-006
9951343320,9036541458,2026-07-01 10:39:04,442,TWR-009
9872774348,9581223623,2026-07-21 23:07:50,117,TWR-008
9788957986,9734714345,2026-07-14 00:08:37,117,TWR-001
9872774348,9166587603,2026-07-09 16:44:08,240,TWR-011
9019655698,9104332181,2026-07-23 00:49:48,229,TWR-008
9951343320,9740164005,2026-07-12 10:10:16,314,TWR-008
9532871012,9019655698,2026-07-20 21:37:53,540,TWR-004
9039117182,9532871012,2026-07-27 11:26:47,209,TWR-015
9204505331,9026542351,2026-07-25 14:43:11,60,TWR-002
9737631165,9939909169,2026-07-05 20:04:19,55,TWR-004
9581223623,9669096705,2026-07-25 21:59:21,220,TWR-004
9161559407,9939909169,2026-07-24 03:22:07,307,TWR-014
9301031051,9484656482,2026-07-15 05:07:08,580,TWR-014
9627048281,9044369957,2026-07-22 00:44:20,152,TWR-013
9669096705,9872774348,2026-07-21 18:19:17,262,TWR-006
9331509839,9676320163,2026-07-01 11:13:11,109,TWR-004
9366299468,9104332181,2026-07-07 18:27:10,221,TWR-009
9731781080,9740164005,2026-07-15 21:48:43,444,TWR-008
9247510799,9489325288,2026-07-21 16:14:48,487,TWR-010
9333872624,9204505331,2026-07-12 13:09:14,140,TWR-008
9475255341,9773872148,2026-07-16 02:55:15,140,TWR-008
9734714345,9872774348,2026-07-25 15:29:47,31,TWR-008
9586923226,9161559407,2026-07-02 17:21:01,122,TWR-006
9166587603,9669096705,2026-06-30 01:38:48,172,TWR-015
9019655698,9484656482,2026-06-30 11:46:35,287,TWR-015
9037917693,9951343320,2026-07-07 16:25:33,323,TWR-012
9395376724,9723430980,2026-07-17 06:38:21,353,TWR-004
9310341316,9960013389,2026-07-22 13:58:51,303,TWR-002
9788957986,9083863794,2026-07-05 04:22:05,15,TWR-009
9480184514,9350305641,2026-07-02 22:59:52,269,TWR-015
9475255341,9044369957,2026-07-13 00:03:17,378,TWR-002
9669096705,9166587603,2026-07-26 16:36:06,39,TWR-006
9928327648,9247510799,2026-07-26 23:48:02,580,TWR-009
9928327648,9104332181,2026-07-23 08:54:32,326,TWR-012
9026542351,9104332181,2026-07-22 15:48:08,221,TWR-013
9039117182,9169340608,2026-07-08 05:09:16,93,TWR-005
9132677360,9939909169,2026-07-07 16:16:31,84,TWR-015
9278248963,9073375433,2026-07-05 17:34:23,461,TWR-005
9737631165,9366299468,2026-07-01 01:21:36,432,TWR-003
9581223623,9788957986,2026-07-01 06:45:01,110,TWR-003
9269166978,9104332181,2026-07-03 09:03:42,236,TWR-006
9366299468,9960013389,2026-07-27 08:15:28,123,TWR-007
9480184514,9928327648,2026-07-19 18:38:28,458,TWR-013
9480184514,9278248963,2026-07-08 06:28:37,87,TWR-011
9019655698,9366299468,2026-07-09 07:34:37,138,TWR-014
9366299468,9044369957,2026-07-18 22:58:32,98,TWR-012
9083863794,9095701543,2026-07-22 01:05:59,300,TWR-003
9737631165,9395376724,2026-07-06 19:57:28,565,TWR-015
9939909169,9104332181,2026-07-07 09:28:00,356,TWR-003
9985435346,9737631165,2026-07-15 03:08:20,334,TWR-014
9740164005,9475255341,2026-07-07 13:10:22,127,TWR-002
9242786801,9834657871,2026-07-25 11:27:10,540,TWR-011
9166587603,9812191361,2026-07-10 12:13:23,115,TWR-013
9484656482,9985435346,2026-07-14 14:08:21,42,TWR-013
9354278498,9036541458,2026-07-06 02:10:41,141,TWR-001
9260647468,9104332181,2026-07-10 05:46:26,357,TWR-014
9812191361,9095701543,2026-07-16 11:11:01,564,TWR-010
9951343320,9287083172,2026-07-10 09:06:59,370,TWR-004
9812191361,9586923226,2026-07-22 04:00:47,56,TWR-011
9475255341,9242786801,2026-07-03 19:50:38,515,TWR-015
9985435346,9025634216,2026-07-12 06:11:09,121,TWR-007
9350305641,9260647468,2026-07-03 21:27:49,467,TWR-002
9244935348,9333872624,2026-07-21 08:13:57,168,TWR-014
9238849696,9260647468,2026-07-13 12:12:30,570,TWR-014
9395376724,9960013389,2026-07-12 15:19:37,43,TWR-008
9835615951,9475255341,2026-07-19 15:18:07,487,TWR-001
9788957986,9166587603,2026-07-18 07:57:35,32,TWR-007
9331509839,9242786801,2026-07-07 15:03:43,490,TWR-015
9161559407,9278248963,2026-07-19 18:46:57,568,TWR-006
9667010651,9073375433,2026-07-11 17:21:48,34,TWR-014
9835615951,9812191361,2026-06-30 02:09:22,555,TWR-014
9788957986,9872774348,2026-07-24 04:19:45,179,TWR-010
9581223623,9737631165,2026-07-11 22:14:41,128,TWR-002
9872774348,9581223623,2026-07-25 11:06:20,152,TWR-010
9104332181,9204505331,2026-07-22 11:14:43,599,TWR-002
9489325288,9169340608,2026-07-05 01:17:19,207,TWR-007
9667010651,9627048281,2026-07-23 21:25:59,404,TWR-014
9939909169,9333872624,2026-06-29 19:16:26,209,TWR-013
9812191361,9104332181,2026-07-14 14:15:36,192,TWR-010
9095701543,9247510799,2026-07-15 10:41:55,557,TWR-003
9960013389,9036541458,2026-07-12 14:36:19,363,TWR-004
9812191361,9242786801,2026-07-20 08:48:15,158,TWR-003
9073375433,9586923226,2026-07-19 22:56:04,186,TWR-012
9872774348,9581223623,2026-07-26 21:06:59,207,TWR-004
9036541458,9834738299,2026-07-11 08:37:11,584,TWR-007
9834738299,9104332181,2026-07-04 14:36:21,367,TWR-013
9723430980,9939909169,2026-07-17 11:40:23,182,TWR-008
9816184959,9740164005,2026-07-03 23:55:08,313,TWR-006
9242786801,9816184959,2026-07-21 08:18:24,296,TWR-013
9723430980,9532871012,2026-06-30 01:42:15,290,TWR-009
9834657871,9366299468,2026-07-02 09:38:51,35,TWR-013
9269166978,9128059826,2026-07-18 20:01:51,374,TWR-005
9731781080,9667010651,2026-07-23 10:07:09,461,TWR-010
9278248963,9025634216,2026-07-13 14:05:40,143,TWR-013
9310341316,9132677360,2026-07-15 02:01:07,48,TWR-015
9788957986,9669096705,2026-07-22 17:08:39,131,TWR-008
9788957986,9581223623,2026-07-18 11:26:22,112,TWR-011
9118384251,9354278498,2026-07-23 22:58:26,529,TWR-001
9532871012,9475255341,2026-06-30 07:41:57,470,TWR-002
9310341316,9104332181,2026-07-05 11:01:15,352,TWR-007
9669096705,9788957986,2026-07-18 15:21:04,117,TWR-005
9737631165,9928327648,2026-07-25 12:48:59,212,TWR-009
9395376724,9019655698,2026-07-26 13:42:33,68,TWR-007
9740164005,9104332181,2026-06-30 19:18:13,404,TWR-005
9667010651,9939909169,2026-07-24 23:17:49,233,TWR-014
9395376724,9083863794,2026-07-07 22:33:00,316,TWR-012
9244935348,9310341316,2026-07-05 23:39:49,537,TWR-013
9166587603,9581223623,2026-07-24 20:33:10,160,TWR-012
9872774348,9734714345,2026-07-18 13:00:49,245,TWR-010
9238849696,9532871012,2026-07-18 21:00:59,351,TWR-015
9676320163,9816184959,2026-07-25 07:25:01,150,TWR-006
9118384251,9985435346,2026-06-30 17:45:24,372,TWR-006
9073375433,9812191361,2026-07-25 09:30:12,564,TWR-003
9278248963,9260647468,2026-07-15 05:36:32,63,TWR-006
9788957986,9667010651,2026-07-19 21:25:28,43,TWR-007
9788957986,9734714345,2026-07-15 20:56:25,126,TWR-002
9301031051,9333872624,2026-07-15 11:24:28,26,TWR-005
9788957986,9586923226,2026-07-10 07:12:57,36,TWR-005
9132677360,9331509839,2026-07-23 06:14:42,57,TWR-005
9928327648,9161559407,2026-07-21 17:04:13,380,TWR-006
9084124118,9939909169,2026-07-19 22:39:38,522,TWR-010
9118384251,9960013389,2026-07-04 21:57:10,230,TWR-005
9039117182,9084124118,2026-07-21 20:30:43,12,TWR-009
9788957986,9667010651,2026-07-18 01:09:52,60,TWR-012
9834738299,9500978820,2026-07-10 23:16:32,186,TWR-014
9872774348,9788957986,2026-07-23 01:36:34,18,TWR-012
9788957986,9667010651,2026-07-07 21:19:57,167,TWR-013
9586923226,9104332181,2026-07-05 05:25:39,95,TWR-007
9676320163,9627048281,2026-07-12 05:29:24,294,TWR-007
9928327648,9269166978,2026-07-24 11:57:49,282,TWR-009
9242786801,9532871012,2026-07-06 02:43:52,299,TWR-006
9731781080,9816184959,2026-07-19 22:54:41,496,TWR-004
9939909169,9484656482,2026-07-05 16:13:52,531,TWR-013
9731781080,9104332181,2026-07-10 08:19:27,251,TWR-010
9627048281,9475255341,2026-07-12 01:10:28,431,TWR-010
9025634216,9242786801,2026-07-20 12:42:52,390,TWR-014
9985435346,9104332181,2026-07-01 11:13:23,200,TWR-010
9039117182,9104332181,2026-07-24 22:28:22,338,TWR-007
9242786801,9161559407,2026-07-15 07:00:19,534,TWR-006
9026542351,9104332181,2026-07-24 22:55:36,64,TWR-005
9128059826,9104332181,2026-07-18 21:47:59,49,TWR-011
9084124118,9169340608,2026-07-10 05:43:33,540,TWR-007
9095701543,9366299468,2026-07-27 20:32:32,389,TWR-011
9788957986,9669096705,2026-07-09 01:02:38,282,TWR-003
9788957986,9581223623,2026-07-06 00:22:06,87,TWR-015
9366299468,9036541458,2026-07-19 00:05:09,468,TWR-005
9039117182,9104332181,2026-07-10 13:36:39,44,TWR-003
9812191361,9036541458,2026-07-13 05:27:09,599,TWR-012
9951343320,9331509839,2026-07-17 15:22:32,306,TWR-008
9985435346,9834738299,2026-07-07 19:15:44,120,TWR-006
9737631165,9287083172,2026-06-29 06:11:04,538,TWR-005
9310341316,9366299468,2026-07-07 08:24:00,348,TWR-013
9581223623,9872774348,2026-07-10 03:15:38,154,TWR-012
9039117182,9960013389,2026-07-13 17:23:29,445,TWR-013
9166587603,9734714345,2026-07-17 07:56:21,56,TWR-002
9247510799,9132677360,2026-07-15 01:13:19,585,TWR-003
9128059826,9500978820,2026-07-10 09:01:54,559,TWR-001
9301031051,9740164005,2026-07-03 14:29:37,14,TWR-006
9812191361,9395376724,2026-07-25 02:18:37,43,TWR-007
9244935348,9834738299,2026-07-04 19:03:22,72,TWR-004
9333872624,9095701543,2026-07-28 04:17:50,485,TWR-010
9475255341,9019655698,2026-07-20 03:33:14,313,TWR-002
9395376724,9500978820,2026-07-24 13:51:49,424,TWR-002
9872774348,9669096705,2026-07-12 19:32:51,201,TWR-006
9773872148,9204505331,2026-07-17 08:11:06,310,TWR-007
9685014294,9532871012,2026-07-23 12:37:50,420,TWR-014
9480184514,9036541458,2026-07-02 15:33:21,435,TWR-013
9480184514,9301031051,2026-07-12 04:47:59,389,TWR-007
9740164005,9238849696,2026-07-25 06:20:53,139,TWR-004
9812191361,9083863794,2026-07-27 10:22:07,145,TWR-012
9500978820,9301031051,2026-07-01 09:51:34,519,TWR-006
9104332181,9287083172,2026-07-16 11:45:40,243,TWR-009
9238849696,9685014294,2026-07-01 07:27:43,291,TWR-007
9484656482,9333872624,2026-07-06 13:30:24,533,TWR-014
9872774348,9581223623,2026-07-05 16:29:33,223,TWR-004
9354278498,9278248963,2026-07-13 23:14:05,479,TWR-004
9835615951,9489325288,2026-07-18 13:56:35,287,TWR-009
9788957986,9166587603,2026-07-24 22:38:58,43,TWR-003
9788957986,9581223623,2026-07-08 14:58:12,190,TWR-014
9269166978,9260647468,2026-07-18 23:39:29,393,TWR-005
9834657871,9960013389,2026-07-09 18:25:06,466,TWR-008
9366299468,9737631165,2026-07-08 02:15:26,494,TWR-013
9788957986,9260647468,2026-07-06 15:41:22,198,TWR-004
9960013389,9104332181,2026-07-17 22:11:04,314,TWR-002
9019655698,9773872148,2026-07-16 19:46:00,26,TWR-014
9395376724,9104332181,2026-07-20 17:17:30,127,TWR-015
9354278498,9532871012,2026-07-13 06:12:44,75,TWR-015
9788957986,9166587603,2026-07-14 11:53:10,14,TWR-011
9834738299,9484656482,2026-07-27 02:31:08,167,TWR-002
9084124118,9036541458,2026-07-07 05:46:11,172,TWR-005
9026542351,9104332181,2026-07-15 05:30:31,219,TWR-013
9044369957,9928327648,2026-07-08 21:22:17,179,TWR-006
9104332181,9118384251,2026-07-10 21:23:44,555,TWR-009
9489325288,9169340608,2026-07-25 13:12:07,6,TWR-001
9366299468,9731781080,2026-07-26 00:57:12,232,TWR-014
9354278498,9350305641,2026-07-11 19:47:22,378,TWR-013
9834738299,9586923226,2026-07-21 16:50:57,126,TWR-008
9939909169,9333872624,2026-07-13 01:14:30,219,TWR-010
9773872148,9019655698,2026-06-29 18:38:50,14,TWR-008
9500978820,9084124118,2026-07-04 19:34:51,230,TWR-002
9737631165,9667010651,2026-07-17 08:15:37,563,TWR-004
9044369957,9834657871,2026-07-07 11:54:08,283,TWR-007
9244935348,9104332181,2026-07-13 04:32:01,156,TWR-015
9204505331,9242786801,2026-07-17 05:52:33,576,TWR-015
9244935348,9104332181,2026-06-30 03:42:26,354,TWR-012
9872774348,9788957986,2026-07-18 13:04:11,253,TWR-012
9985435346,9204505331,2026-07-04 00:42:51,304,TWR-008
9667010651,9083863794,2026-07-26 07:01:04,309,TWR-006
9788957986,9166587603,2026-07-22 16:29:53,82,TWR-006
9500978820,9737631165,2026-07-24 21:14:36,216,TWR-010
9489325288,9532871012,2026-07-28 15:02:56,12,TWR-010
9161559407,9169340608,2026-07-19 17:27:43,477,TWR-007
9287083172,9395376724,2026-07-07 10:28:56,297,TWR-003
9083863794,9834657871,2026-07-12 14:14:15,158,TWR-006
9685014294,9095701543,2026-07-11 13:38:06,444,TWR-014
9118384251,9073375433,2026-07-09 23:43:15,539,TWR-004
9128059826,9685014294,2026-07-16 02:28:21,57,TWR-005
9676320163,9161559407,2026-07-02 22:16:04,594,TWR-007
9773872148,9928327648,2026-07-21 07:13:10,334,TWR-014
9204505331,9928327648,2026-06-29 08:25:31,187,TWR-009
9132677360,9161559407,2026-07-09 18:46:30,100,TWR-007
9676320163,9928327648,2026-07-09 08:52:46,13,TWR-004
9366299468,9586923226,2026-07-12 08:34:00,326,TWR-012
9723430980,9278248963,2026-07-28 12:24:41,445,TWR-013
9104332181,9238849696,2026-07-01 00:10:06,295,TWR-007
9269166978,9723430980,2026-07-17 02:49:06,324,TWR-015
9350305641,9333872624,2026-07-08 01:49:36,425,TWR-009
9484656482,9834657871,2026-07-20 17:00:17,431,TWR-010
9939909169,9951343320,2026-07-10 11:44:10,256,TWR-008
9238849696,9532871012,2026-07-13 18:31:06,473,TWR-009
9260647468,9354278498,2026-07-01 21:25:21,211,TWR-015
9128059826,9095701543,2026-07-08 21:38:25,373,TWR-014
9586923226,9083863794,2026-07-10 21:40:16,516,TWR-010
9132677360,9834738299,2026-07-04 13:20:30,272,TWR-013
9301031051,9104332181,2026-07-10 23:44:40,96,TWR-011
9788957986,9204505331,2026-07-22 04:10:41,29,TWR-013
9737631165,9310341316,2026-07-03 22:14:45,596,TWR-011
9333872624,9500978820,2026-07-02 08:06:44,364,TWR-009
9816184959,9019655698,2026-07-13 10:33:33,108,TWR-015
9475255341,9489325288,2026-07-14 02:39:40,241,TWR-011
9161559407,9269166978,2026-07-08 16:20:44,223,TWR-014
9627048281,9118384251,2026-07-24 05:00:27,324,TWR-015
9132677360,9951343320,2026-07-18 07:17:09,32,TWR-007
9581223623,9734714345,2026-07-28 15:16:20,109,TWR-006
9244935348,9084124118,2026-07-27 03:21:59,184,TWR-002
9985435346,9204505331,2026-07-23 14:35:32,487,TWR-013
9073375433,9333872624,2026-07-14 03:12:39,251,TWR-012
9037917693,9044369957,2026-07-07 08:41:13,519,TWR-010
9238849696,9095701543,2026-07-16 16:50:45,416,TWR-001
9939909169,9278248963,2026-07-18 18:49:01,407,TWR-012
9278248963,9480184514,2026-07-22 08:18:52,327,TWR-001
9095701543,9532871012,2026-07-04 12:38:28,343,TWR-003
9095701543,9532871012,2026-06-30 16:03:05,120,TWR-001
9019655698,9118384251,2026-07-27 19:40:17,330,TWR-015
9278248963,9737631165,2026-07-23 06:35:39,555,TWR-008
9073375433,9333872624,2026-06-30 07:02:04,140,TWR-006
9354278498,9301031051,2026-07-27 07:57:11,293,TWR-008
9532871012,9044369957,2026-07-26 17:41:35,144,TWR-005
9788957986,9667010651,2026-07-14 05:57:37,22,TWR-002
9835615951,9532871012,2026-07-16 00:06:53,416,TWR-006
9834738299,9816184959,2026-07-12 17:19:46,200,TWR-001
9395376724,9331509839,2026-07-16 10:36:09,512,TWR-005
9132677360,9737631165,2026-07-18 03:09:57,195,TWR-007
9484656482,9960013389,2026-06-30 11:12:31,291,TWR-004
9025634216,9834657871,2026-07-13 00:42:09,193,TWR-009
9816184959,9834738299,2026-07-22 01:19:09,331,TWR-015
9985435346,9667010651,2026-07-26 00:47:10,231,TWR-015
9734714345,9872774348,2026-07-25 13:20:30,132,TWR-006
9475255341,9586923226,2026-07-13 05:52:45,328,TWR-012
9095701543,9475255341,2026-07-28 08:00:08,578,TWR-009
9244935348,9084124118,2026-07-07 18:27:50,433,TWR-014
9044369957,9128059826,2026-06-29 20:36:42,158,TWR-006
9872774348,9669096705,2026-07-28 03:30:46,144,TWR-015
9019655698,9118384251,2026-07-23 08:58:39,83,TWR-004
9166587603,9581223623,2026-07-27 07:57:30,166,TWR-015
9734714345,9484656482,2026-06-30 04:16:54,128,TWR-001
9928327648,9627048281,2026-07-05 01:55:06,31,TWR-006
9269166978,9104332181,2026-07-24 12:59:11,130,TWR-003
9834738299,9354278498,2026-06-29 15:14:58,205,TWR-012
9132677360,9260647468,2026-07-19 08:52:59,128,TWR-009
9204505331,9500978820,2026-07-08 23:43:49,557,TWR-010
9310341316,9083863794,2026-07-14 23:31:15,164,TWR-003
9669096705,9166587603,2026-07-08 15:01:14,299,TWR-003
9242786801,9104332181,2026-07-11 14:42:24,196,TWR-014
9238849696,9331509839,2026-07-26 21:28:02,285,TWR-003
9872774348,9581223623,2026-07-18 11:25:01,128,TWR-009
9118384251,9169340608,2026-07-27 13:25:02,550,TWR-007
9985435346,9740164005,2026-07-05 05:51:40,372,TWR-009
9788957986,9260647468,2026-07-10 01:13:20,143,TWR-007
9816184959,9331509839,2026-07-10 23:17:06,499,TWR-012
9269166978,9244935348,2026-07-07 08:37:48,358,TWR-015
9740164005,9395376724,2026-07-22 11:10:12,358,TWR-001
9395376724,9667010651,2026-07-25 16:49:13,70,TWR-015
9019655698,9350305641,2026-07-17 19:35:51,233,TWR-015
9354278498,9242786801,2026-07-01 20:15:50,84,TWR-009
9581223623,9812191361,2026-06-29 18:15:18,173,TWR-015
9731781080,9532871012,2026-07-13 21:10:54,82,TWR-014
9586923226,9247510799,2026-07-01 09:46:24,555,TWR-013
9834657871,9287083172,2026-07-11 11:03:08,325,TWR-004
9204505331,9132677360,2026-07-02 23:48:50,93,TWR-015
9331509839,9676320163,2026-07-10 08:48:36,138,TWR-006
9500978820,9939909169,2026-07-09 21:42:15,542,TWR-002
9036541458,9939909169,2026-07-22 08:05:29,434,TWR-008
9331509839,9118384251,2026-07-02 15:38:50,158,TWR-003
9788957986,9872774348,2026-06-30 11:15:25,199,TWR-015
9731781080,9310341316,2026-07-28 11:23:33,269,TWR-004
9204505331,9104332181,2026-07-01 10:04:34,101,TWR-001
9095701543,9835615951,2026-07-21 17:12:26,447,TWR-014
9939909169,9586923226,2026-07-07 18:34:09,102,TWR-007
9269166978,9685014294,2026-07-10 05:49:30,491,TWR-009
9731781080,9834657871,2026-07-05 01:24:42,258,TWR-005
9788957986,9737631165,2026-07-09 07:01:36,99,TWR-001
9036541458,9333872624,2026-07-02 16:40:08,389,TWR-015
9500978820,9928327648,2026-07-22 22:29:40,398,TWR-009
9484656482,9260647468,2026-07-01 12:13:40,314,TWR-011
9816184959,9260647468,2026-07-22 20:14:07,177,TWR-001
9036541458,9816184959,2026-07-07 06:14:17,597,TWR-002
9872774348,9669096705,2026-07-10 14:50:52,61,TWR-013
9242786801,9104332181,2026-07-01 09:38:51,75,TWR-014
9734714345,9788957986,2026-07-02 19:30:01,22,TWR-010
9484656482,9627048281,2026-07-26 10:13:44,459,TWR-013
9773872148,9104332181,2026-07-11 13:39:39,485,TWR-008
9310341316,9287083172,2026-07-22 08:53:45,521,TWR-014
9104332181,9333872624,2026-07-09 15:02:48,284,TWR-007
9118384251,9366299468,2026-07-10 16:37:17,344,TWR-015
9366299468,9354278498,2026-07-10 20:28:24,152,TWR-004
9044369957,9667010651,2026-07-22 07:45:45,200,TWR-012
9960013389,9019655698,2026-07-14 06:19:24,446,TWR-001
9169340608,9132677360,2026-07-27 18:57:52,378,TWR-012
9244935348,9104332181,2026-07-12 05:29:46,322,TWR-006
9350305641,9331509839,2026-07-01 21:01:15,145,TWR-002
9039117182,9132677360,2026-07-25 01:27:08,316,TWR-012
9287083172,9676320163,2026-07-22 12:41:44,508,TWR-015
9118384251,9310341316,2026-07-04 12:59:31,107,TWR-012
9278248963,9951343320,2026-07-24 11:50:22,538,TWR-004
9095701543,9627048281,2026-06-29 23:24:45,31,TWR-012
9238849696,9366299468,2026-07-07 13:08:49,162,TWR-003
9734714345,9166587603,2026-07-23 15:40:43,146,TWR-006
9627048281,9939909169,2026-07-05 20:31:10,283,TWR-005
9773872148,9985435346,2026-07-14 22:21:50,60,TWR-004
9025634216,9019655698,2026-07-22 15:35:38,347,TWR-004
9723430980,9247510799,2026-07-03 03:51:14,523,TWR-001
9242786801,9586923226,2026-07-08 22:14:59,137,TWR-010
9788957986,9036541458,2026-07-14 16:01:11,76,TWR-014
9095701543,9104332181,2026-07-03 05:56:34,37,TWR-002
9366299468,9333872624,2026-07-28 02:49:33,49,TWR-003
9037917693,9951343320,2026-07-15 01:19:03,87,TWR-007
9025634216,9238849696,2026-07-01 05:27:53,336,TWR-001
9037917693,9985435346,2026-07-05 23:26:23,256,TWR-003
9039117182,9036541458,2026-07-02 16:18:04,122,TWR-008
9532871012,9484656482,2026-07-16 18:34:05,91,TWR-010
9500978820,9301031051,2026-07-06 06:54:14,173,TWR-015
9685014294,9084124118,2026-07-02 14:19:47,88,TWR-009
9354278498,9238849696,2026-07-06 21:01:51,136,TWR-002
9581223623,9500978820,2026-07-16 15:42:26,111,TWR-007
9084124118,9812191361,2026-07-17 06:09:35,599,TWR-009
9872774348,9166587603,2026-07-01 12:27:23,183,TWR-015
9204505331,9287083172,2026-07-14 13:30:51,98,TWR-014
9835615951,9118384251,2026-07-09 05:39:50,334,TWR-010
9333872624,9037917693,2026-07-09 09:54:59,529,TWR-003
9489325288,9036541458,2026-07-07 18:29:07,86,TWR-004
9586923226,9118384251,2026-07-27 00:02:16,144,TWR-002
9475255341,9238849696,2026-07-08 15:52:58,585,TWR-014
9287083172,9500978820,2026-07-24 13:43:25,84,TWR-004
9835615951,9132677360,2026-07-17 07:56:38,328,TWR-009
9128059826,9960013389,2026-07-14 13:42:57,551,TWR-004
9532871012,9331509839,2026-07-06 23:52:16,232,TWR-011
9788957986,9532871012,2026-07-09 13:27:30,188,TWR-011
9037917693,9242786801,2026-07-18 00:44:31,412,TWR-005
9788957986,9036541458,2026-07-15 12:29:14,6,TWR-002
9037917693,9586923226,2026-07-18 19:17:40,38,TWR-005
9083863794,9242786801,2026-07-05 15:51:03,276,TWR-011
9044369957,9939909169,2026-07-02 09:52:03,34,TWR-003
9036541458,9685014294,2026-07-01 02:48:59,244,TWR-007
9354278498,9132677360,2026-07-08 08:34:15,583,TWR-011
9366299468,9395376724,2026-07-06 07:01:57,284,TWR-010
9310341316,9354278498,2026-07-28 00:29:55,324,TWR-010
9118384251,9238849696,2026-07-12 11:34:49,336,TWR-012
9834657871,9026542351,2026-07-10 13:07:05,204,TWR-010
9835615951,9260647468,2026-07-01 18:06:58,564,TWR-003
9366299468,9278248963,2026-07-22 07:21:59,314,TWR-003
9247510799,9737631165,2026-07-27 11:22:29,179,TWR-015
9366299468,9723430980,2026-06-29 09:12:39,254,TWR-008
9586923226,9104332181,2026-07-05 23:24:10,24,TWR-001
9480184514,9104332181,2026-07-09 05:05:09,64,TWR-009
9586923226,9480184514,2026-07-10 08:03:01,41,TWR-006
9301031051,9037917693,2026-07-15 15:49:57,279,TWR-015
9788957986,9734714345,2026-07-05 04:31:19,135,TWR-014
9581223623,9740164005,2026-07-07 14:15:52,12,TWR-012
9586923226,9354278498,2026-07-16 23:06:50,330,TWR-012
9269166978,9044369957,2026-07-16 10:01:53,298,TWR-011
9475255341,9489325288,2026-07-26 18:20:52,230,TWR-011
9737631165,9247510799,2026-07-16 20:53:29,338,TWR-014
9204505331,9489325288,2026-07-24 09:33:31,68,TWR-012
9669096705,9166587603,2026-07-01 09:50:12,194,TWR-001
9834738299,9816184959,2026-07-13 01:50:19,398,TWR-012
9247510799,9500978820,2026-07-01 11:31:49,497,TWR-006
9951343320,9204505331,2026-06-28 22:14:49,355,TWR-015
9350305641,9834738299,2026-07-15 08:07:05,171,TWR-009
9204505331,9951343320,2026-07-19 07:02:12,588,TWR-013
9788957986,9734714345,2026-07-19 15:26:29,201,TWR-005
9118384251,9740164005,2026-07-28 05:34:50,295,TWR-002
9951343320,9366299468,2026-07-26 09:25:05,67,TWR-006
9685014294,9395376724,2026-07-20 14:34:38,530,TWR-003
9039117182,9834657871,2026-07-25 17:06:59,340,TWR-011
9132677360,9128059826,2026-07-25 06:16:42,157,TWR-003
9734714345,9166587603,2026-07-10 11:29:54,85,TWR-012
9872774348,9669096705,2026-07-13 14:49:16,258,TWR-012
9161559407,9037917693,2026-07-28 05:34:23,524,TWR-011
9676320163,9204505331,2026-07-17 20:54:50,57,TWR-002
9044369957,9161559407,2026-07-18 01:26:34,519,TWR-002
9676320163,9985435346,2026-07-18 12:30:41,367,TWR-011
9484656482,9104332181,2026-07-06 08:09:06,396,TWR-011
9310341316,9301031051,2026-07-03 10:19:05,381,TWR-002
9816184959,9475255341,2026-07-24 01:21:17,533,TWR-012
9788957986,9204505331,2026-07-02 05:27:21,110,TWR-005
9084124118,9960013389,2026-07-13 06:18:30,314,TWR-001
9025634216,9244935348,2026-07-09 19:23:32,174,TWR-010
9960013389,9244935348,2026-07-02 06:20:16,579,TWR-006
9301031051,9084124118,2026-06-30 14:40:31,51,TWR-001
9204505331,9350305641,2026-07-26 17:43:50,581,TWR-001
9676320163,9489325288,2026-07-19 18:20:51,246,TWR-005
9484656482,9161559407,2026-07-11 15:28:52,127,TWR-009
9734714345,9104332181,2026-07-28 09:44:47,133,TWR-012
9395376724,9685014294,2026-07-10 06:08:37,88,TWR-005
9166587603,9036541458,2026-07-21 09:17:49,127,TWR-001
9026542351,9723430980,2026-07-25 05:21:47,264,TWR-001
9586923226,9244935348,2026-07-14 00:44:59,333,TWR-001
9475255341,9204505331,2026-07-11 12:17:27,145,TWR-006
9737631165,9816184959,2026-07-16 19:48:32,187,TWR-004
9044369957,9834657871,2026-07-23 08:03:44,222,TWR-006
9350305641,9985435346,2026-07-05 17:31:04,228,TWR-010
9366299468,9835615951,2026-07-14 12:29:59,381,TWR-003
9204505331,9104332181,2026-07-04 04:45:27,141,TWR-001
9500978820,9939909169,2026-07-10 01:43:42,267,TWR-001
9333872624,9484656482,2026-07-11 13:03:31,133,TWR-006
9788957986,9260647468,2026-07-09 12:43:08,65,TWR-015
9132677360,9036541458,2026-06-30 18:40:25,285,TWR-003
9395376724,9104332181,2026-07-17 10:15:02,396,TWR-005
9204505331,9073375433,2026-07-12 10:59:11,549,TWR-007
9161559407,9278248963,2026-07-23 22:01:22,251,TWR-010
9500978820,9039117182,2026-07-21 00:12:00,433,TWR-007
9928327648,9287083172,2026-07-20 03:36:22,501,TWR-002
9740164005,9366299468,2026-07-08 15:02:42,131,TWR-013
9104332181,9244935348,2026-07-05 19:54:07,17,TWR-008
9985435346,9737631165,2026-07-23 05:52:21,395,TWR-006
9242786801,9834738299,2026-07-21 06:42:24,385,TWR-011
9627048281,9354278498,2026-07-19 06:01:26,372,TWR-015
9333872624,9238849696,2026-07-08 20:38:23,92,TWR-009
9331509839,9260647468,2026-07-07 12:00:38,163,TWR-001
9084124118,9480184514,2026-07-28 04:38:20,494,TWR-001
9333872624,9586923226,2026-07-06 05:24:22,378,TWR-014
9095701543,9350305641,2026-06-30 11:49:37,295,TWR-010
9788957986,9025634216,2026-07-25 16:58:33,181,TWR-005
9480184514,9532871012,2026-07-03 17:49:47,369,TWR-003
9169340608,9269166978,2026-07-05 03:50:56,87,TWR-010
9333872624,9723430980,2026-07-14 20:35:19,353,TWR-010
9039117182,9278248963,2026-07-15 09:55:39,441,TWR-003
9532871012,9331509839,2026-07-22 18:47:50,418,TWR-002
9395376724,9118384251,2026-07-27 05:49:14,303,TWR-013
9667010651,9104332181,2026-07-25 01:12:58,52,TWR-006
9872774348,9788957986,2026-07-03 07:59:55,234,TWR-007
9872774348,9166587603,2026-07-10 15:53:55,63,TWR-012
9734714345,9872774348,2026-07-23 07:10:17,260,TWR-001
9036541458,9104332181,2026-07-14 00:46:36,374,TWR-006
9740164005,9350305641,2026-07-19 20:23:11,387,TWR-001
9928327648,9812191361,2026-07-26 11:38:46,289,TWR-005
9244935348,9951343320,2026-07-26 04:54:43,321,TWR-007
9350305641,9834657871,2026-07-02 22:43:04,331,TWR-012
9242786801,9278248963,2026-07-24 00:31:24,285,TWR-002
9260647468,9816184959,2026-07-19 08:32:05,336,TWR-002
9026542351,9247510799,2026-07-16 19:34:09,92,TWR-007
9247510799,9816184959,2026-07-22 07:41:11,459,TWR-012
9788957986,9669096705,2026-07-15 07:53:47,12,TWR-008
9489325288,9104332181,2026-07-16 21:24:10,174,TWR-012
9773872148,9723430980,2026-07-25 08:50:39,71,TWR-007
9083863794,9095701543,2026-07-02 19:08:49,508,TWR-008
9586923226,9204505331,2026-07-07 14:05:54,169,TWR-007
9835615951,9244935348,2026-07-14 23:43:02,375,TWR-002
9734714345,9166587603,2026-07-03 03:02:32,277,TWR-012
9475255341,9169340608,2026-07-25 14:28:38,208,TWR-010
9484656482,9073375433,2026-07-16 22:35:17,35,TWR-007
9104332181,9500978820,2026-07-06 09:08:12,184,TWR-003
9084124118,9104332181,2026-07-11 10:52:17,247,TWR-012
9475255341,9366299468,2026-07-01 15:16:52,553,TWR-001
9734714345,9166587603,2026-07-20 02:28:54,277,TWR-003
9037917693,9331509839,2026-07-09 03:47:39,232,TWR-006
9586923226,9737631165,2026-07-01 21:32:07,372,TWR-008
9354278498,9073375433,2026-07-11 14:30:55,272,TWR-011
9301031051,9104332181,2026-07-06 13:46:07,116,TWR-012
9835615951,9104332181,2026-07-19 23:44:29,293,TWR-008
9204505331,9484656482,2026-07-25 22:25:29,426,TWR-015
9287083172,9073375433,2026-07-12 14:05:48,293,TWR-005
9204505331,9676320163,2026-06-30 01:06:09,411,TWR-012
9951343320,9475255341,2026-07-05 15:33:26,35,TWR-006
9331509839,9395376724,2026-07-17 16:32:55,337,TWR-013
9939909169,9083863794,2026-06-30 04:02:59,75,TWR-015
9128059826,9169340608,2026-07-04 04:02:55,160,TWR-008
9734714345,9788957986,2026-07-01 08:53:38,78,TWR-011
9951343320,9928327648,2026-07-15 14:15:36,240,TWR-002
9073375433,9161559407,2026-07-09 01:01:07,556,TWR-014
9238849696,9333872624,2026-07-05 00:24:48,34,TWR-005
9247510799,9350305641,2026-07-10 09:35:55,335,TWR-007
9083863794,9073375433,2026-07-26 16:18:27,316,TWR-002
9475255341,9044369957,2026-07-07 04:45:25,156,TWR-002
9475255341,9301031051,2026-07-18 05:33:28,473,TWR-010
9036541458,9301031051,2026-07-27 04:19:32,452,TWR-004
9816184959,9084124118,2026-07-27 14:17:14,447,TWR-012
9928327648,9723430980,2026-07-24 03:06:32,476,TWR-015
9788957986,9581223623,2026-07-04 11:29:53,191,TWR-006
9740164005,9238849696,2026-07-05 20:24:38,176,TWR-009
9669096705,9581223623,2026-06-29 21:00:10,251,TWR-001
9835615951,9731781080,2026-07-20 15:09:39,70,TWR-005
9500978820,9019655698,2026-07-24 10:18:38,474,TWR-015
9500978820,9104332181,2026-06-29 01:57:38,220,TWR-007
9939909169,9667010651,2026-07-14 09:54:47,105,TWR-008
9161559407,9350305641,2026-07-06 03:59:52,236,TWR-014
9095701543,9354278498,2026-07-27 02:32:35,524,TWR-002
9104332181,9939909169,2026-07-04 07:54:49,144,TWR-006
9669096705,9788957986,2026-07-12 22:36:17,226,TWR-010
9676320163,9169340608,2026-07-08 15:26:10,264,TWR-009
9366299468,9044369957,2026-07-17 02:47:39,558,TWR-006
9333872624,9132677360,2026-07-08 02:38:23,486,TWR-005
9737631165,9095701543,2026-07-23 09:31:10,331,TWR-010
9073375433,9118384251,2026-07-04 09:45:11,368,TWR-005
9166587603,9581223623,2026-07-06 06:02:43,270,TWR-006
9834657871,9960013389,2026-07-23 13:31:47,58,TWR-003
9788957986,9083863794,2026-07-19 07:17:38,104,TWR-004
9169340608,9036541458,2026-07-01 21:57:21,465,TWR-015
9238849696,9484656482,2026-07-08 14:00:11,309,TWR-015
9132677360,9685014294,2026-07-20 18:45:04,342,TWR-005
9480184514,9104332181,2026-07-13 02:54:22,23,TWR-007
9928327648,9269166978,2026-07-07 01:17:46,475,TWR-007
9036541458,9723430980,2026-07-01 03:59:09,386,TWR-001
9731781080,9350305641,2026-07-21 11:09:53,426,TWR-010
9685014294,9395376724,2026-07-13 20:14:09,532,TWR-008
9269166978,9095701543,2026-07-09 05:50:39,530,TWR-001
9132677360,9737631165,2026-07-25 01:59:55,263,TWR-008
9985435346,9366299468,2026-07-23 19:29:20,403,TWR-003
9132677360,9026542351,2026-07-24 21:20:01,487,TWR-015
9834657871,9627048281,2026-07-16 07:16:56,332,TWR-005
9812191361,9928327648,2026-07-15 09:42:30,188,TWR-010
9039117182,9244935348,2026-07-26 16:43:28,203,TWR-006
9333872624,9310341316,2026-07-13 00:47:48,461,TWR-006
9104332181,9301031051,2026-07-05 02:11:53,248,TWR-010
9278248963,9104332181,2026-07-01 20:59:24,127,TWR-004
9532871012,9960013389,2026-07-08 02:43:37,371,TWR-012
9788957986,9734714345,2026-07-13 04:49:15,131,TWR-002
9044369957,9475255341,2026-07-14 16:12:02,599,TWR-010
9095701543,9737631165,2026-07-08 13:56:35,45,TWR-014
9044369957,9489325288,2026-07-23 21:44:13,64,TWR-003
9581223623,9788957986,2026-07-18 22:13:16,241,TWR-011
9872774348,9788957986,2026-07-01 05:13:25,236,TWR-001
9036541458,9083863794,2026-07-16 17:21:21,244,TWR-009
9026542351,9667010651,2026-07-13 17:32:31,246,TWR-007
9740164005,9366299468,2026-07-09 16:39:47,132,TWR-011
9834657871,9834738299,2026-07-10 09:47:12,270,TWR-003
9128059826,9667010651,2026-07-26 16:53:08,36,TWR-002
9581223623,9166587603,2026-07-25 01:06:43,41,TWR-015
9985435346,9816184959,2026-07-13 17:08:04,177,TWR-010
9669096705,9788957986,2026-07-07 20:23:43,121,TWR-015
9073375433,9985435346,2026-07-14 03:23:57,560,TWR-011
9960013389,9104332181,2026-07-25 04:35:12,62,TWR-002
9586923226,9731781080,2026-07-06 21:25:01,249,TWR-001
9812191361,9667010651,2026-07-05 05:00:31,568,TWR-010
9734714345,9669096705,2026-07-26 21:44:21,59,TWR-001
9740164005,9676320163,2026-07-26 05:48:00,259,TWR-011
9366299468,9685014294,2026-06-30 23:45:03,534,TWR-006
9287083172,9247510799,2026-07-13 03:55:12,264,TWR-008
9812191361,9132677360,2026-07-14 04:29:15,308,TWR-015
9331509839,9333872624,2026-07-18 04:53:19,306,TWR-005
9118384251,9132677360,2026-07-26 03:36:46,515,TWR-008
9019655698,9395376724,2026-07-11 12:03:58,167,TWR-008
9044369957,9333872624,2026-07-04 02:54:31,113,TWR-007
9260647468,9161559407,2026-07-08 03:11:07,166,TWR-008
9287083172,9084124118,2026-07-15 17:30:55,70,TWR-005
9331509839,9204505331,2026-07-25 12:04:18,431,TWR-010
9581223623,9872774348,2026-07-13 04:14:56,286,TWR-005
9667010651,9095701543,2026-07-13 18:38:49,510,TWR-008
9581223623,9788957986,2026-07-16 13:35:29,129,TWR-015
9788957986,9669096705,2026-07-16 01:04:07,76,TWR-008
9039117182,9044369957,2026-07-26 10:12:28,206,TWR-011
9025634216,9132677360,2026-06-29 01:28:37,541,TWR-009
9204505331,9685014294,2026-07-19 18:47:19,450,TWR-007
9244935348,9132677360,2026-07-19 01:02:52,587,TWR-003
9238849696,9037917693,2026-07-25 11:10:43,193,TWR-005
9816184959,9132677360,2026-07-13 14:40:15,499,TWR-015
9731781080,9104332181,2026-07-07 14:06:02,113,TWR-008
9928327648,9104332181,2026-07-13 14:33:37,206,TWR-009
9734714345,9669096705,2026-07-08 18:48:10,81,TWR-012
9260647468,9026542351,2026-07-25 19:07:28,183,TWR-014
9834657871,9350305641,2026-07-28 15:53:42,564,TWR-009
9939909169,9084124118,2026-07-13 12:07:51,406,TWR-005
9532871012,9244935348,2026-07-17 00:17:25,508,TWR-002
9395376724,9026542351,2026-07-22 07:51:02,265,TWR-008
9128059826,9301031051,2026-07-27 21:55:13,154,TWR-014
9731781080,9816184959,2026-07-15 20:56:59,189,TWR-009
9788957986,9036541458,2026-07-23 16:09:46,9,TWR-010
9834657871,9731781080,2026-07-23 17:33:59,325,TWR-004
9667010651,9484656482,2026-07-18 10:29:24,154,TWR-005
9395376724,9025634216,2026-07-07 12:06:04,183,TWR-013
9333872624,9676320163,2026-07-11 01:38:48,587,TWR-011
9247510799,9036541458,2026-06-30 15:27:05,430,TWR-014
9095701543,9244935348,2026-07-04 13:05:01,556,TWR-013
9025634216,9104332181,2026-07-24 11:51:05,124,TWR-002
9834738299,9685014294,2026-07-20 16:45:18,140,TWR-002
9132677360,9019655698,2026-07-17 22:19:08,116,TWR-008
9586923226,9132677360,2026-07-18 05:52:23,48,TWR-012
9835615951,9532871012,2026-07-25 00:07:59,438,TWR-002
9204505331,9269166978,2026-07-18 17:05:25,519,TWR-013
9475255341,9985435346,2026-07-22 01:07:27,157,TWR-015
9287083172,9118384251,2026-07-27 13:19:37,34,TWR-002
9244935348,9073375433,2026-06-29 00:31:46,23,TWR-007
9812191361,9104332181,2026-07-08 21:51:30,174,TWR-013
9128059826,9269166978,2026-07-09 12:57:35,26,TWR-001
9734714345,9581223623,2026-06-29 07:59:12,94,TWR-007
9500978820,9475255341,2026-07-11 00:37:46,479,TWR-006
9834738299,9354278498,2026-06-30 22:00:00,113,TWR-014
9350305641,9586923226,2026-07-18 21:30:31,405,TWR-010
9834657871,9169340608,2026-07-27 02:34:52,372,TWR-006
9331509839,9484656482,2026-07-04 23:33:27,323,TWR-005
9667010651,9333872624,2026-07-27 17:11:17,567,TWR-001
9260647468,9287083172,2026-06-28 22:24:32,442,TWR-012
9132677360,9676320163,2026-07-15 12:13:40,444,TWR-005
9723430980,9073375433,2026-07-05 17:35:25,39,TWR-007
9247510799,9161559407,2026-07-01 06:31:46,530,TWR-002
9788957986,9734714345,2026-07-05 16:47:16,85,TWR-008
9204505331,9278248963,2026-07-16 18:32:40,97,TWR-006
9039117182,9260647468,2026-07-08 23:26:35,82,TWR-011
9581223623,9166587603,2026-07-14 20:42:52,174,TWR-012
9242786801,9331509839,2026-07-20 14:16:16,381,TWR-007
9350305641,9773872148,2026-07-22 15:55:21,28,TWR-005
9128059826,9834738299,2026-07-24 19:46:32,577,TWR-001
9835615951,9204505331,2026-07-25 03:06:30,247,TWR-014
9269166978,9161559407,2026-07-25 18:20:29,39,TWR-008
9238849696,9204505331,2026-07-11 05:09:25,394,TWR-002
9244935348,9026542351,2026-07-28 10:36:10,165,TWR-009
9834738299,9104332181,2026-07-04 20:05:22,277,TWR-005
9737631165,9118384251,2026-07-27 19:40:10,162,TWR-011
9242786801,9073375433,2026-07-10 05:46:32,51,TWR-012
9734714345,9581223623,2026-07-14 12:49:23,77,TWR-013
9166587603,9667010651,2026-07-07 14:37:00,25,TWR-009
9489325288,9480184514,2026-07-03 16:17:25,582,TWR-001
9301031051,9834657871,2026-07-23 18:06:29,95,TWR-014
9773872148,9204505331,2026-07-05 10:36:09,55,TWR-015
9132677360,9737631165,2026-07-28 13:19:24,407,TWR-015
9581223623,9734714345,2026-07-12 13:28:15,236,TWR-012
9960013389,9484656482,2026-07-11 08:01:33,419,TWR-013
9310341316,9928327648,2026-07-14 03:44:24,329,TWR-009
9734714345,9489325288,2026-07-17 09:03:46,83,TWR-008
9960013389,9816184959,2026-07-19 23:08:14,419,TWR-012
9260647468,9204505331,2026-07-04 14:00:29,27,TWR-007
9985435346,9960013389,2026-07-01 13:59:53,582,TWR-011
9350305641,9685014294,2026-07-07 21:31:40,104,TWR-002
9395376724,9816184959,2026-07-13 19:05:20,449,TWR-011
9331509839,9128059826,2026-07-25 02:58:50,367,TWR-014
9480184514,9104332181,2026-07-17 06:12:06,498,TWR-002
9788957986,9166587603,2026-07-03 05:19:05,66,TWR-002
9532871012,9161559407,2026-07-28 03:07:14,242,TWR-014
9939909169,9723430980,2026-07-15 23:28:15,360,TWR-013
9939909169,9039117182,2026-07-17 14:25:00,501,TWR-007
9026542351,9960013389,2026-07-11 01:51:12,136,TWR-014
9669096705,9395376724,2026-07-22 23:08:34,116,TWR-005
9044369957,9723430980,2026-07-03 05:38:23,174,TWR-002
9788957986,9083863794,2026-07-07 21:38:24,178,TWR-015
9037917693,9586923226,2026-07-07 16:56:11,102,TWR-010
9269166978,9395376724,2026-07-17 03:15:54,417,TWR-005
9395376724,9586923226,2026-07-20 23:05:19,72,TWR-006
9581223623,9812191361,2026-07-07 12:24:52,167,TWR-012
9667010651,9939909169,2026-07-05 20:11:23,90,TWR-002
9166587603,9669096705,2026-07-05 12:37:48,85,TWR-008
9244935348,9084124118,2026-07-27 14:52:50,549,TWR-009
9354278498,9939909169,2026-06-29 19:48:30,428,TWR-003
9095701543,9104332181,2026-07-08 19:30:56,363,TWR-002
9269166978,9586923226,2026-07-04 15:54:01,423,TWR-006
9260647468,9586923226,2026-07-05 01:09:40,343,TWR-002
9025634216,9773872148,2026-07-08 10:52:41,595,TWR-012
9301031051,9260647468,2026-07-21 05:32:52,482,TWR-005
9333872624,9310341316,2026-07-28 00:04:42,367,TWR-009
9734714345,9669096705,2026-07-09 23:33:16,191,TWR-002
9951343320,9667010651,2026-07-06 11:48:20,400,TWR-006
9951343320,9247510799,2026-07-14 10:05:05,94,TWR-005
9019655698,9104332181,2026-07-25 09:01:28,346,TWR-006
9132677360,9939909169,2026-07-09 00:49:56,92,TWR-002
9872774348,9734714345,2026-07-02 07:32:48,285,TWR-005
9073375433,9816184959,2026-07-17 14:41:56,355,TWR-003
9166587603,9669096705,2026-06-29 21:34:49,163,TWR-007
9985435346,9118384251,2026-07-23 13:48:54,392,TWR-006
9788957986,9037917693,2026-07-25 04:00:29,59,TWR-002
9480184514,9835615951,2026-07-14 07:51:29,395,TWR-006
9269166978,9939909169,2026-06-29 07:08:37,434,TWR-008
9685014294,9204505331,2026-07-22 00:34:03,467,TWR-002
9310341316,9723430980,2026-07-26 21:01:27,288,TWR-011
9247510799,9500978820,2026-07-27 12:34:45,314,TWR-014
9788957986,9484656482,2026-07-02 14:38:20,138,TWR-006
9395376724,9104332181,2026-07-06 09:06:14,379,TWR-001
9480184514,9161559407,2026-06-30 11:37:39,144,TWR-013
9084124118,9287083172,2026-07-09 01:20:55,278,TWR-001
9132677360,9834738299,2026-07-17 15:08:14,83,TWR-010
9773872148,9083863794,2026-07-15 07:10:47,361,TWR-014
9354278498,9073375433,2026-07-15 03:23:18,465,TWR-010
9685014294,9128059826,2026-07-22 03:19:45,354,TWR-006
9247510799,9812191361,2026-07-12 02:26:04,590,TWR-003
9247510799,9204505331,2026-07-17 04:39:39,263,TWR-012
9036541458,9204505331,2026-07-20 22:13:51,395,TWR-014
9073375433,9723430980,2026-06-30 14:46:51,46,TWR-004
9036541458,9095701543,2026-06-30 07:51:25,361,TWR-006
9169340608,9835615951,2026-07-09 11:25:43,414,TWR-006
9026542351,9532871012,2026-07-25 09:51:29,157,TWR-011
9737631165,9083863794,2026-07-15 22:27:41,574,TWR-005
9734714345,9166587603,2026-07-10 00:08:01,43,TWR-002
9475255341,9928327648,2026-07-03 04:57:07,467,TWR-003
9676320163,9480184514,2026-07-01 20:56:24,537,TWR-007
9489325288,9019655698,2026-07-20 23:34:42,461,TWR-004
9278248963,9204505331,2026-07-09 11:00:20,481,TWR-008
9039117182,9104332181,2026-07-06 05:41:31,23,TWR-011
9204505331,9044369957,2026-06-29 04:39:12,360,TWR-012
9395376724,9366299468,2026-07-14 18:27:58,135,TWR-010
9204505331,9310341316,2026-07-23 08:46:34,368,TWR-007
9025634216,9834738299,2026-07-04 03:36:14,26,TWR-011
9928327648,9960013389,2026-07-25 19:16:21,59,TWR-014
9238849696,9740164005,2026-07-27 07:01:02,319,TWR-014
9816184959,9104332181,2026-07-12 07:05:46,153,TWR-007
9260647468,9480184514,2026-07-04 20:36:10,193,TWR-003
9166587603,9788957986,2026-07-23 15:16:21,220,TWR-007
9169340608,9331509839,2026-07-12 10:55:39,246,TWR-003
9247510799,9169340608,2026-07-12 01:32:31,188,TWR-006
9586923226,9350305641,2026-07-13 11:11:35,433,TWR-010
9310341316,9350305641,2026-07-21 02:41:23,182,TWR-010
9835615951,9244935348,2026-07-22 03:56:33,584,TWR-002
9242786801,9238849696,2026-07-09 21:16:28,144,TWR-001
9788957986,9166587603,2026-07-13 03:19:27,253,TWR-009
9333872624,9132677360,2026-07-26 09:48:56,11,TWR-004
9669096705,9166587603,2026-07-01 09:05:07,210,TWR-007
9581223623,9788957986,2026-07-18 18:36:54,62,TWR-011
9676320163,9301031051,2026-06-29 01:58:43,13,TWR-010
9532871012,9104332181,2026-07-28 15:09:13,248,TWR-013
9484656482,9816184959,2026-07-05 00:54:11,316,TWR-015
9260647468,9812191361,2026-07-01 14:37:38,592,TWR-012
9166587603,9872774348,2026-07-14 04:48:14,184,TWR-013
9269166978,9773872148,2026-07-27 07:56:09,294,TWR-006
9169340608,9025634216,2026-07-18 00:25:35,562,TWR-013
9019655698,9036541458,2026-07-15 09:11:50,85,TWR-007
9939909169,9834738299,2026-07-07 17:28:40,51,TWR-015
9928327648,9939909169,2026-07-22 13:42:03,337,TWR-011
9247510799,9118384251,2026-07-17 17:22:15,569,TWR-003
9287083172,9118384251,2026-07-01 06:39:58,330,TWR-002
9247510799,9350305641,2026-07-17 06:48:18,525,TWR-012
9489325288,9104332181,2026-07-19 18:33:18,285,TWR-015
9238849696,9132677360,2026-07-27 10:51:46,455,TWR-008
9128059826,9331509839,2026-07-02 11:59:03,139,TWR-010
9737631165,9928327648,2026-07-16 05:08:16,543,TWR-004
9039117182,9132677360,2026-07-16 20:23:54,316,TWR-013
9044369957,9350305641,2026-06-29 03:58:02,558,TWR-005
9627048281,9310341316,2026-07-27 07:14:58,590,TWR-009
9669096705,9581223623,2026-07-28 04:00:22,157,TWR-012
9788957986,9489325288,2026-07-08 04:05:42,189,TWR-004
9737631165,9366299468,2026-07-02 06:15:40,234,TWR-001
9039117182,9260647468,2026-07-15 16:05:28,494,TWR-005
9366299468,9104332181,2026-06-30 12:06:22,132,TWR-008
9350305641,9084124118,2026-07-25 21:39:07,492,TWR-015
9740164005,9242786801,2026-07-18 18:02:22,342,TWR-002
9731781080,9242786801,2026-07-01 14:54:54,211,TWR-003
9685014294,9333872624,2026-07-23 17:59:25,383,TWR-009
9242786801,9489325288,2026-07-06 03:02:19,123,TWR-001
9669096705,9816184959,2026-07-16 00:05:40,124,TWR-005
9816184959,9104332181,2026-07-05 13:53:30,233,TWR-009
9366299468,9627048281,2026-07-13 19:29:24,350,TWR-005
9161559407,9169340608,2026-07-12 18:12:05,228,TWR-007
9835615951,9676320163,2026-07-07 19:59:43,104,TWR-008
9835615951,9044369957,2026-07-27 18:55:47,25,TWR-006
9244935348,9039117182,2026-07-07 23:19:15,507,TWR-004
9834657871,9773872148,2026-07-20 11:37:47,310,TWR-004
9128059826,9834738299,2026-07-07 07:31:45,121,TWR-002
9395376724,9073375433,2026-07-04 22:36:17,178,TWR-003
9500978820,9161559407,2026-07-11 11:31:54,59,TWR-003
9773872148,9480184514,2026-07-06 13:17:07,21,TWR-005
9872774348,9788957986,2026-07-10 08:33:53,176,TWR-003
9773872148,9676320163,2026-07-18 05:08:39,450,TWR-005
9333872624,9242786801,2026-07-02 04:58:40,175,TWR-002
9731781080,9951343320,2026-07-01 05:38:01,107,TWR-014
9118384251,9723430980,2026-07-05 16:36:38,352,TWR-013
9269166978,9484656482,2026-07-20 07:15:02,198,TWR-007
9269166978,9740164005,2026-07-06 08:14:00,426,TWR-010
9737631165,9480184514,2026-07-20 21:38:28,437,TWR-011
9812191361,9740164005,2026-07-25 08:53:16,527,TWR-004
9484656482,9104332181,2026-07-20 07:20:34,310,TWR-014
9084124118,9278248963,2026-07-02 18:37:24,421,TWR-015
9581223623,9788957986,2026-07-13 22:44:21,187,TWR-008
9044369957,9939909169,2026-07-03 06:08:51,296,TWR-002
9489325288,9812191361,2026-07-10 04:50:00,314,TWR-007
9204505331,9039117182,2026-07-10 11:00:08,591,TWR-013
9685014294,9104332181,2026-07-19 00:36:32,247,TWR-004
9247510799,9104332181,2026-07-08 14:34:11,74,TWR-001
9834738299,9532871012,2026-07-16 10:32:14,579,TWR-007
9676320163,9354278498,2026-07-24 11:56:32,477,TWR-011
9169340608,9740164005,2026-07-24 03:54:27,403,TWR-006
9812191361,9676320163,2026-07-02 17:52:29,132,TWR-009
9685014294,9500978820,2026-07-21 20:07:37,275,TWR-006
9204505331,9731781080,2026-07-23 14:33:57,224,TWR-015
9835615951,9104332181,2026-07-25 00:02:44,359,TWR-010
9310341316,9026542351,2026-07-20 02:02:04,398,TWR-014
9788957986,9669096705,2026-07-18 00:39:38,143,TWR-006
9104332181,9036541458,2026-07-21 06:01:17,458,TWR-014
9740164005,9812191361,2026-07-17 10:04:32,194,TWR-015
9669096705,9788957986,2026-07-05 05:09:30,126,TWR-002
9366299468,9104332181,2026-07-04 14:05:32,68,TWR-009
9835615951,9939909169,2026-07-20 18:56:53,89,TWR-012
9812191361,9132677360,2026-07-04 12:43:43,469,TWR-003
9731781080,9834657871,2026-07-08 20:06:34,388,TWR-003
9723430980,9104332181,2026-07-23 17:59:20,248,TWR-002
9734714345,9269166978,2026-07-25 00:34:59,49,TWR-010
9287083172,9366299468,2026-06-29 01:04:36,182,TWR-003
9269166978,9128059826,2026-06-29 22:15:46,483,TWR-005
9118384251,9036541458,2026-07-11 06:45:06,470,TWR-008
9039117182,9723430980,2026-07-12 17:42:57,508,TWR-013
9581223623,9166587603,2026-07-06 15:58:41,63,TWR-006
9366299468,9132677360,2026-07-22 00:21:29,422,TWR-005
9586923226,9019655698,2026-07-19 17:50:51,128,TWR-013
9044369957,9731781080,2026-07-23 03:03:42,76,TWR-015
9128059826,9104332181,2026-07-23 00:17:43,210,TWR-010
9740164005,9278248963,2026-07-21 16:55:10,518,TWR-005
9816184959,9026542351,2026-07-25 12:35:16,187,TWR-003
9740164005,9667010651,2026-07-17 21:24:11,168,TWR-001
9835615951,9773872148,2026-07-12 16:25:37,379,TWR-006
9242786801,9951343320,2026-07-05 17:20:02,225,TWR-007
9685014294,9095701543,2026-07-13 23:59:27,73,TWR-010
9095701543,9278248963,2026-07-20 17:44:03,154,TWR-002
9169340608,9812191361,2026-07-12 03:59:51,404,TWR-014
9581223623,9669096705,2026-07-18 13:42:44,53,TWR-006
9475255341,9834738299,2026-07-05 05:49:38,211,TWR-015
9985435346,9731781080,2026-07-14 13:05:31,257,TWR-005
9333872624,9835615951,2026-07-15 12:23:02,172,TWR-013
9044369957,9627048281,2026-07-03 20:51:38,93,TWR-005
9118384251,9036541458,2026-07-13 18:48:29,128,TWR-009
9310341316,9835615951,2026-07-01 19:36:56,356,TWR-012
9039117182,9310341316,2026-07-03 19:29:40,308,TWR-004
9669096705,9581223623,2026-07-22 15:09:33,104,TWR-014
9667010651,9740164005,2026-07-01 02:22:26,36,TWR-004
9118384251,9667010651,2026-07-07 12:08:52,432,TWR-005
9242786801,9928327648,2026-07-11 08:38:42,212,TWR-014
9118384251,9104332181,2026-07-16 23:28:15,87,TWR-006
9166587603,9734714345,2026-06-30 11:29:38,236,TWR-003
9037917693,9169340608,2026-07-19 14:18:38,271,TWR-004
9951343320,9731781080,2026-07-24 10:37:45,470,TWR-003
9242786801,9532871012,2026-07-20 04:59:14,53,TWR-014
9834657871,9169340608,2026-07-14 04:37:14,261,TWR-009
9161559407,9037917693,2026-07-21 17:34:16,460,TWR-010
9475255341,9667010651,2026-07-28 03:58:13,337,TWR-003
9073375433,9928327648,2026-07-22 10:55:48,27,TWR-010
9812191361,9350305641,2026-07-23 02:02:04,500,TWR-012
9242786801,9532871012,2026-07-19 04:21:42,89,TWR-002
9238849696,9731781080,2026-07-15 07:49:10,573,TWR-009
9260647468,9331509839,2026-07-11 23:40:42,489,TWR-012
9083863794,9586923226,2026-07-17 16:12:19,459,TWR-008
9350305641,9044369957,2026-07-10 13:32:04,453,TWR-001
9333872624,9475255341,2026-07-24 14:20:51,43,TWR-005
9118384251,9480184514,2026-07-12 17:40:38,43,TWR-015
9685014294,9244935348,2026-07-10 06:47:08,585,TWR-010
9395376724,9260647468,2026-07-16 19:53:27,313,TWR-008
9331509839,9333872624,2026-06-29 04:12:32,473,TWR-003
9669096705,9581223623,2026-07-20 12:40:10,13,TWR-003
9019655698,9244935348,2026-07-01 04:12:43,68,TWR-012
9260647468,9475255341,2026-07-20 18:24:27,258,TWR-003
9812191361,9834738299,2026-07-27 03:04:15,585,TWR-003
9489325288,9104332181,2026-07-26 11:10:09,83,TWR-009
9118384251,9095701543,2026-06-30 05:15:39,531,TWR-015
9287083172,9083863794,2026-07-08 04:18:33,94,TWR-006
9331509839,9104332181,2026-06-30 09:29:58,219,TWR-003
9331509839,9480184514,2026-07-02 04:46:21,165,TWR-013
9260647468,9084124118,2026-07-11 01:45:28,240,TWR-007
9835615951,9104332181,2026-07-26 08:24:04,239,TWR-015
9676320163,9083863794,2026-06-28 21:01:24,411,TWR-013
9484656482,9204505331,2026-07-21 12:36:20,591,TWR-012
9834657871,9350305641,2026-07-27 22:11:50,476,TWR-014
9161559407,9242786801,2026-07-04 01:53:42,521,TWR-013
9026542351,9128059826,2026-07-01 15:15:16,236,TWR-011
9737631165,9132677360,2026-07-09 21:13:50,448,TWR-006
9723430980,9301031051,2026-07-11 23:26:09,285,TWR-005
9044369957,9816184959,2026-07-20 07:02:06,561,TWR-007
9118384251,9084124118,2026-07-26 05:49:04,58,TWR-003
9480184514,9083863794,2026-07-08 17:36:19,535,TWR-015
9166587603,9734714345,2026-07-27 10:14:17,283,TWR-010
9333872624,9350305641,2026-07-24 08:16:59,107,TWR-015
9737631165,9128059826,2026-07-10 18:35:38,334,TWR-009
9480184514,9161559407,2026-07-14 15:52:26,501,TWR-001
9169340608,9740164005,2026-06-30 04:59:59,179,TWR-010
9676320163,9238849696,2026-07-25 13:56:07,103,TWR-009
9161559407,9238849696,2026-06-29 22:00:17,531,TWR-002
9025634216,9480184514,2026-07-18 09:51:01,536,TWR-015
9586923226,9104332181,2026-07-15 02:49:20,327,TWR-005
9627048281,9475255341,2026-07-27 13:21:29,329,TWR-010
9581223623,9737631165,2026-07-14 02:30:37,169,TWR-010
9301031051,9333872624,2026-07-18 06:04:23,255,TWR-004
9166587603,9788957986,2026-07-14 20:00:17,182,TWR-007
9816184959,9019655698,2026-07-27 02:43:21,347,TWR-006
9489325288,9484656482,2026-07-28 16:48:57,228,TWR-010
9740164005,9834657871,2026-07-10 21:10:05,406,TWR-010
9581223623,9166587603,2026-07-19 12:00:06,241,TWR-015
9734714345,9669096705,2026-07-23 01:05:55,165,TWR-013
9480184514,9036541458,2026-07-09 09:03:40,403,TWR-004
9333872624,9667010651,2026-07-21 06:04:35,532,TWR-008
9581223623,9928327648,2026-07-07 08:17:07,55,TWR-003
9532871012,9037917693,2026-07-03 13:04:43,395,TWR-014
9928327648,9731781080,2026-06-28 22:05:36,153,TWR-011
9044369957,9269166978,2026-07-04 19:18:02,429,TWR-007
9242786801,9301031051,2026-07-27 16:32:52,38,TWR-011
9740164005,9731781080,2026-07-26 00:03:53,530,TWR-006
9169340608,9834738299,2026-07-07 17:48:37,554,TWR-010
9301031051,9278248963,2026-07-18 19:42:28,207,TWR-012
9489325288,9084124118,2026-07-04 15:19:31,317,TWR-012
9269166978,9104332181,2026-07-27 00:31:12,113,TWR-013
9037917693,9238849696,2026-07-20 03:21:31,83,TWR-002
9128059826,9287083172,2026-07-27 11:56:37,377,TWR-005
9132677360,9161559407,2026-07-14 17:21:50,315,TWR-013
9019655698,9740164005,2026-07-17 07:35:47,317,TWR-009
9331509839,9238849696,2026-07-07 11:51:46,34,TWR-012
9037917693,9247510799,2026-07-10 09:19:07,543,TWR-014
9044369957,9104332181,2026-07-08 14:22:56,300,TWR-014
9773872148,9951343320,2026-07-19 01:09:32,504,TWR-001
9480184514,9627048281,2026-07-06 15:55:11,458,TWR-011
9685014294,9104332181,2026-07-16 20:26:54,177,TWR-001
9731781080,9169340608,2026-07-17 11:33:13,464,TWR-010
9475255341,9532871012,2026-07-28 05:21:07,326,TWR-007
9500978820,9104332181,2026-07-08 21:53:05,143,TWR-004
9939909169,9500978820,2026-07-02 22:12:13,226,TWR-010
9083863794,9104332181,2026-07-11 05:19:18,264,TWR-008
9951343320,9731781080,2026-07-24 01:52:20,108,TWR-006
9247510799,9238849696,2026-07-09 11:05:44,48,TWR-012
9812191361,9104332181,2026-07-06 23:15:44,173,TWR-014
9278248963,9731781080,2026-07-08 21:17:53,325,TWR-004
9484656482,9269166978,2026-07-27 07:45:56,156,TWR-001
9161559407,9132677360,2026-06-30 10:25:02,311,TWR-011
9669096705,9166587603,2026-07-15 11:08:30,283,TWR-010
9834657871,9834738299,2026-07-02 08:40:30,145,TWR-007
9244935348,9500978820,2026-07-08 03:43:33,473,TWR-015
9669096705,9581223623,2026-07-17 23:19:25,135,TWR-003
9301031051,9025634216,2026-07-16 11:57:45,169,TWR-001
9627048281,9073375433,2026-07-09 01:52:18,111,TWR-013
9044369957,9676320163,2026-07-14 13:24:35,185,TWR-003
9835615951,9025634216,2026-07-25 08:07:32,356,TWR-011
9269166978,9331509839,2026-07-16 04:24:43,515,TWR-006
9734714345,9166587603,2026-07-02 09:56:05,245,TWR-008
9247510799,9083863794,2026-06-29 18:22:40,200,TWR-005
9731781080,9310341316,2026-07-04 23:57:28,122,TWR-014
9301031051,9019655698,2026-07-22 13:29:20,320,TWR-008
9310341316,9118384251,2026-07-05 09:42:53,297,TWR-014
9247510799,9985435346,2026-06-30 07:59:38,126,TWR-003
9244935348,9301031051,2026-06-30 23:28:16,581,TWR-008
9788957986,9734714345,2026-07-15 10:56:35,190,TWR-004
9128059826,9036541458,2026-07-19 10:00:03,596,TWR-013
9788957986,9667010651,2026-07-22 04:31:04,173,TWR-014
9242786801,9128059826,2026-07-16 02:08:04,375,TWR-001
9238849696,9044369957,2026-07-28 02:21:15,245,TWR-011
9835615951,9128059826,2026-07-16 05:08:01,21,TWR-004
9095701543,9928327648,2026-07-27 22:00:17,289,TWR-011
9395376724,9731781080,2026-07-20 12:17:40,311,TWR-008
9084124118,9475255341,2026-07-02 20:28:46,320,TWR-012
9834657871,9740164005,2026-07-07 05:30:38,504,TWR-014
9581223623,9788957986,2026-06-30 15:42:21,36,TWR-014
9812191361,9731781080,2026-07-16 09:36:47,480,TWR-011
9244935348,9354278498,2026-07-26 05:57:56,142,TWR-006
9036541458,9960013389,2026-07-18 01:52:46,74,TWR-006
9734714345,9788957986,2026-07-24 03:56:36,218,TWR-011
9685014294,9083863794,2026-07-05 23:47:02,456,TWR-009
9669096705,9581223623,2026-06-29 09:45:23,263,TWR-012
9037917693,9025634216,2026-07-15 10:30:25,94,TWR-013
9484656482,9333872624,2026-06-30 22:58:41,62,TWR-014
9132677360,9685014294,2026-07-27 05:49:35,278,TWR-009
9278248963,9073375433,2026-07-07 19:23:21,244,TWR-007
9044369957,9834657871,2026-07-28 07:42:47,217,TWR-010
9872774348,9166587603,2026-07-02 13:53:13,166,TWR-012
9788957986,9734714345,2026-07-28 11:51:53,193,TWR-001
9269166978,9834738299,2026-07-19 09:40:59,51,TWR-010
9331509839,9835615951,2026-07-14 13:53:28,472,TWR-003
9737631165,9350305641,2026-07-23 22:10:08,174,TWR-012
9788957986,9532871012,2026-07-09 01:55:51,187,TWR-008
9532871012,9260647468,2026-07-25 08:56:22,506,TWR-009
9331509839,9026542351,2026-07-18 15:49:46,48,TWR-007
9244935348,9242786801,2026-07-23 20:49:23,364,TWR-012
9676320163,9104332181,2026-07-22 10:29:07,199,TWR-012
9734714345,9489325288,2026-07-10 15:04:24,179,TWR-003
9039117182,9740164005,2026-07-07 09:53:39,430,TWR-007
9242786801,9204505331,2026-07-09 09:19:54,344,TWR-013
9737631165,9532871012,2026-07-24 09:58:46,158,TWR-008
9939909169,9310341316,2026-07-10 05:21:50,557,TWR-009
9118384251,9104332181,2026-07-17 00:32:29,236,TWR-011
9872774348,9166587603,2026-06-29 11:28:25,232,TWR-015
9395376724,9019655698,2026-07-12 15:38:42,12,TWR-011
9586923226,9480184514,2026-07-04 18:52:15,427,TWR-006
9581223623,9872774348,2026-07-17 16:50:45,200,TWR-011
9788957986,9669096705,2026-07-19 20:24:34,60,TWR-006
9669096705,9581223623,2026-07-04 15:38:44,54,TWR-003
9532871012,9161559407,2026-07-11 00:40:35,253,TWR-002
9788957986,9872774348,2026-07-22 20:33:11,99,TWR-004
9366299468,9484656482,2026-07-20 03:51:13,356,TWR-012
9269166978,9331509839,2026-07-09 09:21:32,465,TWR-014
9036541458,9310341316,2026-07-05 19:15:46,595,TWR-006
9627048281,9835615951,2026-07-04 13:41:44,420,TWR-005
9260647468,9238849696,2026-07-27 06:46:55,393,TWR-006
9532871012,9484656482,2026-07-12 15:12:39,580,TWR-012
9816184959,9204505331,2026-06-29 20:48:11,557,TWR-003
9928327648,9118384251,2026-07-17 06:42:57,195,TWR-008
9019655698,9532871012,2026-07-25 14:06:42,194,TWR-001
9073375433,9939909169,2026-07-10 21:36:02,350,TWR-007
9835615951,9247510799,2026-07-05 21:41:09,192,TWR-011
9960013389,9723430980,2026-07-18 08:16:33,376,TWR-003
9581223623,9586923226,2026-07-27 01:26:23,103,TWR-015
9310341316,9104332181,2026-07-13 10:41:50,388,TWR-009
9104332181,9489325288,2026-07-23 12:57:43,523,TWR-002
9723430980,9834738299,2026-06-29 16:03:56,53,TWR-003
9985435346,9586923226,2026-07-09 16:26:07,123,TWR-013
9073375433,9104332181,2026-07-05 11:10:00,367,TWR-010
9132677360,9104332181,2026-07-18 16:40:15,369,TWR-015
9939909169,9985435346,2026-07-28 11:59:11,274,TWR-004
9260647468,9204505331,2026-07-22 01:32:28,163,TWR-015
9395376724,9331509839,2026-07-21 22:40:12,329,TWR-011
9083863794,9331509839,2026-06-29 06:27:19,153,TWR-010
9872774348,9333872624,2026-07-02 05:47:14,36,TWR-007
9737631165,9104332181,2026-07-27 15:49:29,209,TWR-012
9788957986,9104332181,2026-07-18 20:28:21,67,TWR-004
9737631165,9834738299,2026-07-14 19:55:58,46,TWR-006
9331509839,9039117182,2026-07-15 03:51:20,561,TWR-009
9960013389,9244935348,2026-07-26 00:47:21,227,TWR-010
9350305641,9667010651,2026-07-16 18:32:15,109,TWR-012
9835615951,9480184514,2026-07-10 13:54:01,365,TWR-004
9773872148,9083863794,2026-07-22 17:29:24,502,TWR-004
9166587603,9669096705,2026-07-28 11:21:01,206,TWR-008
9985435346,9723430980,2026-07-18 10:29:52,570,TWR-013
9104332181,9731781080,2026-07-22 17:19:04,140,TWR-015
9026542351,9627048281,2026-07-16 04:42:45,473,TWR-002
9037917693,9128059826,2026-07-05 16:40:23,336,TWR-005
9812191361,9242786801,2026-07-13 22:36:31,508,TWR-007
9395376724,9960013389,2026-07-18 09:18:20,365,TWR-006
9084124118,9951343320,2026-07-03 12:08:07,486,TWR-005
9095701543,9083863794,2026-06-29 13:29:41,571,TWR-005
9667010651,9104332181,2026-07-09 04:09:53,307,TWR-014
9480184514,9834738299,2026-07-26 09:21:30,43,TWR-012
9166587603,9669096705,2026-07-15 15:14:45,58,TWR-011
9788957986,9734714345,2026-07-12 04:03:10,61,TWR-004
9667010651,9095701543,2026-07-15 06:27:44,590,TWR-003
9118384251,9480184514,2026-06-29 10:54:08,351,TWR-009
9667010651,9301031051,2026-07-04 06:34:35,358,TWR-008
9740164005,9834738299,2026-07-25 12:58:40,244,TWR-008
9036541458,9287083172,2026-07-12 04:24:30,227,TWR-004
9788957986,9872774348,2026-07-07 10:36:21,220,TWR-002
9161559407,9039117182,2026-07-03 10:59:55,108,TWR-009
9586923226,9835615951,2026-07-05 00:34:25,492,TWR-012
9581223623,9669096705,2026-06-29 00:27:59,293,TWR-002
9287083172,9740164005,2026-07-10 07:44:55,313,TWR-008
9204505331,9731781080,2026-07-22 17:36:18,156,TWR-014
9166587603,9788957986,2026-07-13 13:43:37,95,TWR-011
9104332181,9586923226,2026-06-30 07:55:27,405,TWR-014
9734714345,9166587603,2026-07-16 18:18:21,28,TWR-004
9788957986,9036541458,2026-07-27 11:17:53,136,TWR-002
9581223623,9166587603,2026-07-25 11:28:08,40,TWR-014
9773872148,9484656482,2026-07-05 07:51:33,299,TWR-012
9834657871,9025634216,2026-07-12 21:04:55,150,TWR-005
9939909169,9480184514,2026-07-05 08:27:47,289,TWR-004
9238849696,9104332181,2026-06-30 22:06:16,187,TWR-015
9669096705,9872774348,2026-07-23 13:11:32,267,TWR-001
9036541458,9586923226,2026-07-09 19:17:50,594,TWR-013
9019655698,9104332181,2026-07-05 01:16:02,47,TWR-014
9019655698,9667010651,2026-07-26 15:35:24,486,TWR-003
9083863794,9161559407,2026-07-20 22:37:33,326,TWR-001
9073375433,9260647468,2026-07-09 08:13:18,195,TWR-001
9244935348,9104332181,2026-07-01 14:46:10,24,TWR-005
9951343320,9928327648,2026-07-02 20:53:15,287,TWR-013
9834738299,9104332181,2026-07-07 18:39:32,164,TWR-009
9788957986,9104332181,2026-07-17 01:34:31,24,TWR-011
9951343320,9132677360,2026-07-05 08:41:08,376,TWR-012
9269166978,9025634216,2026-07-11 07:07:14,98,TWR-015
9500978820,9834657871,2026-07-10 16:42:12,528,TWR-001
9354278498,9269166978,2026-07-01 14:26:54,569,TWR-005
9019655698,9475255341,2026-07-19 00:10:18,105,TWR-004
9737631165,9773872148,2026-07-03 14:55:34,435,TWR-006
9960013389,9350305641,2026-07-11 04:37:42,150,TWR-013
9260647468,9816184959,2026-07-21 06:55:40,172,TWR-012
9475255341,9740164005,2026-07-15 03:08:24,468,TWR-005
9872774348,9581223623,2026-07-28 12:14:43,20,TWR-013
9118384251,9269166978,2026-07-26 17:35:16,572,TWR-004
9773872148,9036541458,2026-07-27 12:31:46,24,TWR-008
9734714345,9581223623,2026-07-11 02:59:02,261,TWR-014
9073375433,9532871012,2026-07-19 23:10:44,186,TWR-011
9260647468,9685014294,2026-07-05 19:06:04,212,TWR-003
9731781080,9812191361,2026-07-18 22:52:47,415,TWR-011
9500978820,9951343320,2026-06-30 15:13:24,521,TWR-008
9025634216,9939909169,2026-07-02 21:50:09,595,TWR-008
9685014294,9128059826,2026-07-04 12:17:28,85,TWR-015
9166587603,9669096705,2026-07-06 20:36:38,158,TWR-001
9166587603,9669096705,2026-07-13 05:20:48,212,TWR-014
9788957986,9669096705,2026-07-03 20:20:46,80,TWR-007
9812191361,9731781080,2026-07-05 13:49:58,138,TWR-013
9816184959,9480184514,2026-06-29 00:33:43,121,TWR-008
9985435346,9627048281,2026-07-19 12:10:12,485,TWR-015
9073375433,9737631165,2026-07-13 04:04:12,237,TWR-007
9586923226,9269166978,2026-07-06 04:42:07,235,TWR-006
9731781080,9366299468,2026-07-12 06:38:52,304,TWR-008
9019655698,9204505331,2026-07-11 03:12:08,517,TWR-003
9812191361,9039117182,2026-07-21 18:23:26,594,TWR-006
9723430980,9489325288,2026-06-29 18:41:46,597,TWR-010
9960013389,9169340608,2026-07-28 17:13:31,273,TWR-005
9128059826,9073375433,2026-07-21 08:00:42,359,TWR-011
9019655698,9132677360,2026-07-21 09:01:49,39,TWR-004
9260647468,9812191361,2026-07-13 11:29:25,411,TWR-006
9026542351,9161559407,2026-07-17 14:33:40,468,TWR-008
9269166978,9731781080,2026-07-21 05:59:32,469,TWR-001
9480184514,9260647468,2026-07-05 16:20:54,218,TWR-005
9500978820,9104332181,2026-07-13 08:14:56,358,TWR-004
9118384251,9480184514,2026-07-15 10:01:35,405,TWR-008
9350305641,9104332181,2026-07-22 20:24:44,113,TWR-009
9310341316,9238849696,2026-06-29 08:10:25,493,TWR-006
9834738299,9812191361,2026-07-02 07:21:45,482,TWR-002
9788957986,9484656482,2026-07-26 09:49:35,40,TWR-006
9025634216,9247510799,2026-07-04 04:02:41,372,TWR-002
9788957986,9475255341,2026-07-08 19:12:01,22,TWR-006
9734714345,9669096705,2026-07-04 02:55:29,216,TWR-007
9025634216,9084124118,2026-07-27 01:36:49,184,TWR-011
9737631165,9242786801,2026-07-14 05:21:57,489,TWR-001
9244935348,9104332181,2026-07-19 04:29:12,277,TWR-012
9834657871,9044369957,2026-07-13 04:20:28,124,TWR-011
9132677360,9247510799,2026-07-19 22:47:33,506,TWR-004
9166587603,9581223623,2026-07-23 16:14:36,109,TWR-011
9269166978,9939909169,2026-07-25 21:03:40,241,TWR-009
9834657871,9475255341,2026-06-29 08:54:15,23,TWR-002
9816184959,9500978820,2026-07-02 11:30:43,385,TWR-008
9731781080,9104332181,2026-07-09 03:43:54,395,TWR-007
9480184514,9095701543,2026-07-15 17:11:06,34,TWR-007
9084124118,9350305641,2026-07-26 19:41:45,286,TWR-010
9951343320,9627048281,2026-07-14 12:04:41,85,TWR-007
9095701543,9269166978,2026-07-06 03:25:40,121,TWR-006
9939909169,9278248963,2026-07-11 20:13:42,328,TWR-009
9333872624,9834738299,2026-07-02 13:06:49,547,TWR-007
9036541458,9333872624,2026-06-30 23:54:32,345,TWR-012
9104332181,9812191361,2026-07-07 13:30:39,507,TWR-008
9260647468,9095701543,2026-07-02 18:16:14,572,TWR-003
9737631165,9834738299,2026-07-24 16:46:32,203,TWR-011
9128059826,9301031051,2026-07-02 23:31:17,338,TWR-014
9723430980,9269166978,2026-07-02 16:57:57,345,TWR-005
9816184959,9586923226,2026-07-05 09:30:43,142,TWR-009
9037917693,9019655698,2026-07-18 07:26:12,156,TWR-004
9773872148,9366299468,2026-07-20 08:39:59,374,TWR-015
9788957986,9532871012,2026-07-11 04:00:35,8,TWR-004
9723430980,9773872148,2026-07-17 15:42:51,110,TWR-012
9734714345,9581223623,2026-07-14 08:22:46,237,TWR-003
9354278498,9238849696,2026-07-20 23:34:37,520,TWR-008
9161559407,9242786801,2026-07-28 07:40:38,503,TWR-011
9169340608,9204505331,2026-07-19 09:52:34,570,TWR-001
9928327648,9036541458,2026-07-17 01:28:20,563,TWR-005
9244935348,9036541458,2026-07-11 15:11:39,554,TWR-009
9354278498,9331509839,2026-07-20 14:09:51,585,TWR-013
9128059826,9816184959,2026-06-29 12:22:57,408,TWR-004
9366299468,9104332181,2026-07-12 16:46:01,291,TWR-008
9475255341,9118384251,2026-07-08 11:49:08,393,TWR-015
9586923226,9951343320,2026-07-18 11:03:18,137,TWR-002
9484656482,9500978820,2026-06-29 17:16:02,486,TWR-006
9287083172,9331509839,2026-07-02 10:54:05,140,TWR-002
9242786801,9816184959,2026-07-07 16:19:28,6,TWR-004
9242786801,9084124118,2026-07-10 12:28:15,310,TWR-011
9350305641,9026542351,2026-06-29 16:47:29,27,TWR-003
9835615951,9238849696,2026-07-25 11:50:24,31,TWR-003
9044369957,9737631165,2026-07-15 12:20:48,41,TWR-001
9310341316,9204505331,2026-07-04 18:57:03,254,TWR-009
9366299468,9161559407,2026-07-18 13:45:37,411,TWR-013
9118384251,9484656482,2026-07-21 23:04:56,269,TWR-007
9310341316,9928327648,2026-07-06 05:13:34,398,TWR-006
9532871012,9095701543,2026-07-17 17:46:25,480,TWR-009
9354278498,9480184514,2026-07-12 04:23:37,401,TWR-014
9788957986,9489325288,2026-07-28 10:54:55,74,TWR-003
9037917693,9737631165,2026-07-15 08:02:25,391,TWR-007
9788957986,9166587603,2026-07-14 19:02:40,195,TWR-009
9269166978,9104332181,2026-07-07 10:23:20,286,TWR-015
9301031051,9025634216,2026-07-11 23:10:18,473,TWR-008
9354278498,9835615951,2026-07-06 13:11:00,594,TWR-002
9044369957,9118384251,2026-07-27 08:38:11,106,TWR-012
9500978820,9960013389,2026-07-28 14:13:34,569,TWR-007
9489325288,9985435346,2026-07-17 18:39:57,5,TWR-013
9095701543,9204505331,2026-07-16 20:49:12,213,TWR-007
9242786801,9816184959,2026-07-23 03:40:24,221,TWR-015
9788957986,9104332181,2026-07-10 20:22:22,118,TWR-012
9812191361,9676320163,2026-07-22 16:41:05,164,TWR-009
9731781080,9928327648,2026-07-21 03:44:02,243,TWR-015
9475255341,9037917693,2026-06-30 23:23:54,46,TWR-008
9500978820,9951343320,2026-07-19 12:50:16,28,TWR-002
9788957986,9166587603,2026-07-11 04:06:44,284,TWR-005
9737631165,9532871012,2026-07-13 01:39:24,514,TWR-013
9489325288,9834738299,2026-07-02 02:27:24,260,TWR-004
9734714345,9166587603,2026-07-18 12:05:55,198,TWR-001
9737631165,9723430980,2026-07-20 17:40:54,438,TWR-002
9104332181,9939909169,2026-06-30 08:22:55,92,TWR-004
9301031051,9816184959,2026-07-22 16:17:55,295,TWR-003
9586923226,9627048281,2026-07-14 05:50:44,545,TWR-014
9350305641,9685014294,2026-07-06 00:23:50,82,TWR-003
9489325288,9073375433,2026-07-02 04:49:31,83,TWR-012
9269166978,9740164005,2026-07-22 11:02:56,88,TWR-003
9734714345,9581223623,2026-07-15 06:18:47,139,TWR-004
9204505331,9025634216,2026-07-17 02:08:10,273,TWR-003
9928327648,9104332181,2026-07-11 14:32:34,85,TWR-014
9834657871,9238849696,2026-06-29 20:29:36,331,TWR-005
9025634216,9039117182,2026-07-13 12:35:57,284,TWR-007
9939909169,9834657871,2026-07-07 21:38:42,423,TWR-003
9161559407,9532871012,2026-07-04 15:38:19,577,TWR-004
9723430980,9301031051,2026-07-14 12:09:00,453,TWR-012
9350305641,9812191361,2026-07-22 03:47:07,197,TWR-013
9788957986,9204505331,2026-07-23 11:22:36,36,TWR-009
9084124118,9204505331,2026-07-18 23:34:43,315,TWR-010
9532871012,9039117182,2026-07-20 11:47:58,331,TWR-013
9269166978,9132677360,2026-07-04 20:39:12,75,TWR-014
9951343320,9104332181,2026-07-04 22:25:30,114,TWR-007
9581223623,9669096705,2026-07-15 19:34:58,198,TWR-013
9247510799,9104332181,2026-07-03 05:17:11,181,TWR-003
9985435346,9118384251,2026-07-09 01:08:54,188,TWR-015
9395376724,9740164005,2026-07-04 13:25:50,350,TWR-007
9872774348,9669096705,2026-07-04 21:07:43,40,TWR-003
9834738299,9104332181,2026-07-02 00:44:33,548,TWR-004
9586923226,9037917693,2026-07-17 14:47:34,91,TWR-010
9333872624,9238849696,2026-07-22 18:24:53,557,TWR-015
9128059826,9161559407,2026-07-06 14:38:34,592,TWR-014
9816184959,9333872624,2026-07-17 18:18:55,407,TWR-015
9731781080,9269166978,2026-07-13 08:43:35,422,TWR-002
9025634216,9835615951,2026-07-04 21:51:40,596,TWR-002
9260647468,9242786801,2026-06-29 20:53:17,67,TWR-008
9834738299,9169340608,2026-07-07 12:54:53,277,TWR-009
9366299468,9037917693,2026-07-21 00:45:07,97,TWR-005
9627048281,9586923226,2026-07-10 15:49:04,214,TWR-007
9169340608,9685014294,2026-07-05 09:33:55,137,TWR-010
9132677360,9333872624,2026-07-21 14:43:27,183,TWR-010
9834738299,9740164005,2026-07-02 01:03:11,475,TWR-012
9204505331,9084124118,2026-07-24 20:27:38,103,TWR-014
9737631165,9161559407,2026-07-05 00:12:53,320,TWR-008
9835615951,9627048281,2026-07-22 11:52:29,364,TWR-014
9019655698,9354278498,2026-07-25 12:31:36,113,TWR-003
9244935348,9484656482,2026-06-29 13:45:48,374,TWR-012
9204505331,9310341316,2026-07-15 18:39:06,23,TWR-001
9247510799,9939909169,2026-07-24 18:26:25,253,TWR-005
9723430980,9260647468,2026-06-29 13:00:01,558,TWR-015
9037917693,9939909169,2026-07-04 18:39:46,155,TWR-002
9532871012,9350305641,2026-07-27 03:41:55,192,TWR-001
9044369957,9260647468,2026-07-15 00:48:37,180,TWR-013
9667010651,9104332181,2026-07-05 12:22:30,363,TWR-011
9939909169,9242786801,2026-07-18 17:09:19,597,TWR-006
9073375433,9083863794,2026-07-26 07:46:06,510,TWR-002
9669096705,9788957986,2026-07-25 01:09:25,199,TWR-015
9128059826,9301031051,2026-07-15 10:06:24,254,TWR-001
9301031051,9019655698,2026-07-07 15:01:51,146,TWR-014
9118384251,9204505331,2026-07-07 02:35:12,238,TWR-012
9951343320,9132677360,2026-07-21 11:24:19,480,TWR-010
9734714345,9166587603,2026-07-07 22:56:24,263,TWR-008
9939909169,9395376724,2026-07-08 05:33:34,178,TWR-003
9395376724,9489325288,2026-07-08 04:27:05,246,TWR-007
9104332181,9025634216,2026-07-24 16:11:40,16,TWR-003
9669096705,9366299468,2026-07-04 22:25:09,57,TWR-004
9960013389,9104332181,2026-06-29 04:56:11,184,TWR-001
9310341316,9667010651,2026-07-17 14:17:03,352,TWR-009
9331509839,9740164005,2026-06-29 04:36:21,325,TWR-011
9872774348,9166587603,2026-07-11 04:20:40,292,TWR-013
9039117182,9204505331,2026-06-29 08:25:34,129,TWR-007
9812191361,9333872624,2026-07-15 02:05:31,64,TWR-009
9627048281,9278248963,2026-07-08 20:56:09,382,TWR-008
9204505331,9773872148,2026-07-02 13:31:23,157,TWR-012
9025634216,9737631165,2026-07-14 04:01:10,117,TWR-010
9366299468,9500978820,2026-07-03 01:03:29,105,TWR-014
9242786801,9310341316,2026-07-01 09:54:30,270,TWR-002
9128059826,9834738299,2026-07-26 17:20:17,354,TWR-001
9333872624,9278248963,2026-07-20 12:52:34,575,TWR-010
9985435346,9366299468,2026-07-04 10:30:24,21,TWR-001
9737631165,9812191361,2026-06-29 11:49:35,106,TWR-015
9834738299,9667010651,2026-07-23 06:58:22,343,TWR-013
9581223623,9872774348,2026-07-02 19:13:05,176,TWR-002
9350305641,9731781080,2026-07-23 12:10:06,539,TWR-011
9169340608,9310341316,2026-07-15 02:32:03,179,TWR-014
9667010651,9104332181,2026-06-29 09:45:27,133,TWR-007
9872774348,9734714345,2026-07-16 00:58:14,203,TWR-010
9788957986,9734714345,2026-07-15 16:20:04,222,TWR-001
9354278498,9036541458,2026-07-06 23:50:08,429,TWR-011
9581223623,9667010651,2026-07-17 11:01:49,125,TWR-008
9044369957,9737631165,2026-07-14 01:08:46,145,TWR-003
9667010651,9331509839,2026-06-29 16:13:59,468,TWR-013
9395376724,9037917693,2026-07-06 04:05:39,9,TWR-012
9685014294,9366299468,2026-07-16 03:27:37,88,TWR-008
9834738299,9484656482,2026-07-27 03:54:32,233,TWR-014
9118384251,9242786801,2026-07-09 07:36:46,183,TWR-013
9928327648,9723430980,2026-07-12 00:17:37,504,TWR-007
9166587603,9788957986,2026-07-24 12:27:27,235,TWR-004
9287083172,9025634216,2026-07-28 03:30:55,258,TWR-015
9834657871,9169340608,2026-07-14 07:33:47,504,TWR-014
9169340608,9331509839,2026-07-11 19:34:13,102,TWR-015
9278248963,9104332181,2026-07-07 16:00:21,212,TWR-001
9247510799,9723430980,2026-07-21 04:16:01,319,TWR-010
9025634216,9834738299,2026-07-25 09:30:31,498,TWR-012
9685014294,9484656482,2026-07-14 03:10:47,507,TWR-008
9395376724,9095701543,2026-07-25 10:19:45,156,TWR-008
9238849696,9500978820,2026-07-27 15:39:11,62,TWR-004
9204505331,9247510799,2026-07-25 06:50:10,30,TWR-007
9788957986,9581223623,2026-07-20 06:38:18,129,TWR-005
9204505331,9500978820,2026-07-25 05:39:29,213,TWR-004
9667010651,9939909169,2026-07-26 10:21:40,322,TWR-012
9083863794,9532871012,2026-07-28 00:43:28,249,TWR-008
9788957986,9475255341,2026-07-14 01:00:16,54,TWR-001
9104332181,9025634216,2026-07-22 08:20:02,290,TWR-013
9500978820,9627048281,2026-07-26 07:09:40,17,TWR-012
9834738299,9812191361,2026-07-22 01:31:59,210,TWR-013
9025634216,9128059826,2026-07-09 14:49:59,348,TWR-008
9161559407,9169340608,2026-07-13 15:17:09,430,TWR-009
9928327648,9104332181,2026-07-15 06:30:40,128,TWR-003
9310341316,9627048281,2026-07-09 02:02:41,277,TWR-009
9788957986,9872774348,2026-07-03 17:55:17,252,TWR-006
9260647468,9667010651,2026-07-16 07:28:28,102,TWR-006
9244935348,9104332181,2026-07-25 02:30:10,291,TWR-005
9269166978,9132677360,2026-07-10 14:17:18,487,TWR-014
9301031051,9044369957,2026-07-15 20:06:04,284,TWR-006
9244935348,9104332181,2026-07-26 20:25:36,195,TWR-007
9084124118,9489325288,2026-07-26 14:23:13,575,TWR-001
9244935348,9128059826,2026-07-17 10:06:53,34,TWR-008
9269166978,9044369957,2026-07-22 03:36:51,235,TWR-011
9627048281,9238849696,2026-07-12 05:33:09,165,TWR-001
9960013389,9834657871,2026-07-17 11:00:57,404,TWR-006
9169340608,9161559407,2026-07-17 22:58:37,257,TWR-012
9480184514,9104332181,2026-07-23 16:16:31,357,TWR-012
9669096705,9627048281,2026-07-19 16:45:16,152,TWR-008
9166587603,9788957986,2026-07-06 16:08:16,157,TWR-011
9734714345,9166587603,2026-07-15 17:10:35,193,TWR-005
9395376724,9500978820,2026-07-20 03:01:33,196,TWR-006
9788957986,9489325288,2026-07-07 23:30:29,90,TWR-003
9489325288,9627048281,2026-07-10 06:15:26,259,TWR-006
9834738299,9238849696,2026-07-19 17:21:16,551,TWR-003
9581223623,9669096705,2026-07-03 04:52:02,25,TWR-006
9242786801,9104332181,2026-07-06 19:27:40,344,TWR-012
9740164005,9238849696,2026-07-12 00:55:19,576,TWR-007
9132677360,9685014294,2026-07-12 07:05:24,126,TWR-003
9025634216,9816184959,2026-07-19 12:05:17,390,TWR-011
9928327648,9816184959,2026-07-01 15:19:51,344,TWR-002
9039117182,9242786801,2026-07-27 00:23:24,96,TWR-011
9083863794,9242786801,2026-07-19 01:39:21,538,TWR-011
9928327648,9951343320,2026-07-03 22:04:06,569,TWR-011
9269166978,9019655698,2026-07-11 15:02:53,36,TWR-008
9278248963,9480184514,2026-06-30 13:07:03,309,TWR-013
9951343320,9247510799,2026-07-20 10:44:44,575,TWR-014
9044369957,9985435346,2026-07-22 08:50:57,276,TWR-001
9269166978,9161559407,2026-07-23 11:29:26,454,TWR-014
9278248963,9169340608,2026-07-01 19:52:29,32,TWR-010
9095701543,9333872624,2026-07-22 02:44:53,212,TWR-013
9260647468,9025634216,2026-07-18 20:09:07,94,TWR-002
9734714345,9951343320,2026-07-16 02:28:00,114,TWR-005
9731781080,9037917693,2026-07-23 20:11:55,508,TWR-013
9104332181,9475255341,2026-06-29 13:16:34,259,TWR-007
